-- phpMyAdmin SQL Dump
-- version 5.2.1
-- https://www.phpmyadmin.net/
--
-- Host: 127.0.0.1
-- Generation Time: Jul 24, 2025 at 02:40 PM
-- Server version: 10.4.32-MariaDB
-- PHP Version: 8.2.12

SET SQL_MODE = "NO_AUTO_VALUE_ON_ZERO";
START TRANSACTION;
SET time_zone = "+00:00";


/*!40101 SET @OLD_CHARACTER_SET_CLIENT=@@CHARACTER_SET_CLIENT */;
/*!40101 SET @OLD_CHARACTER_SET_RESULTS=@@CHARACTER_SET_RESULTS */;
/*!40101 SET @OLD_COLLATION_CONNECTION=@@COLLATION_CONNECTION */;
/*!40101 SET NAMES utf8mb4 */;

--
-- Database: `payment_facial`
--

-- --------------------------------------------------------

--
-- Table structure for table `admin_audit_log`
--

CREATE TABLE `admin_audit_log` (
  `id` int(11) NOT NULL,
  `admin_id` int(11) NOT NULL,
  `action` varchar(100) NOT NULL,
  `target_type` varchar(50) DEFAULT NULL,
  `target_id` varchar(100) DEFAULT NULL,
  `details` longtext CHARACTER SET utf8mb4 COLLATE utf8mb4_bin DEFAULT NULL CHECK (json_valid(`details`)),
  `ip_address` varchar(45) DEFAULT NULL,
  `user_agent` text DEFAULT NULL,
  `created_at` timestamp NOT NULL DEFAULT current_timestamp()
) ENGINE=InnoDB DEFAULT CHARSET=utf8mb4 COLLATE=utf8mb4_general_ci;

-- --------------------------------------------------------

--
-- Table structure for table `admin_sessions`
--

CREATE TABLE `admin_sessions` (
  `id` int(11) NOT NULL,
  `admin_id` int(11) NOT NULL,
  `session_token` varchar(255) NOT NULL,
  `ip_address` varchar(45) DEFAULT NULL,
  `user_agent` text DEFAULT NULL,
  `expires_at` timestamp NOT NULL DEFAULT current_timestamp() ON UPDATE current_timestamp(),
  `created_at` timestamp NOT NULL DEFAULT current_timestamp()
) ENGINE=InnoDB DEFAULT CHARSET=utf8mb4 COLLATE=utf8mb4_general_ci;

--
-- Dumping data for table `admin_sessions`
--

INSERT INTO `admin_sessions` (`id`, `admin_id`, `session_token`, `ip_address`, `user_agent`, `expires_at`, `created_at`) VALUES
(115, 1, '747279d6cf8e5c3ccb61f15a2357139c5544c7f9c5e7c82eb4dacb131a9e36bf_1753355772', '127.0.0.1', 'Mozilla/5.0 (Windows NT 10.0; Win64; x64; rv:141.0) Gecko/20100101 Firefox/141.0', '2025-07-24 13:16:26', '2025-07-24 11:16:12');

-- --------------------------------------------------------

--
-- Table structure for table `admin_users`
--

CREATE TABLE `admin_users` (
  `id` int(11) NOT NULL,
  `username` varchar(50) NOT NULL,
  `email` varchar(100) NOT NULL,
  `password_hash` varchar(255) NOT NULL,
  `role` enum('super_admin','financial_admin','kiosk_admin','support_admin','audit_admin') NOT NULL,
  `full_name` varchar(100) NOT NULL,
  `is_active` tinyint(1) DEFAULT 1,
  `last_login` timestamp NULL DEFAULT NULL,
  `created_at` timestamp NOT NULL DEFAULT current_timestamp(),
  `updated_at` timestamp NOT NULL DEFAULT current_timestamp() ON UPDATE current_timestamp(),
  `created_by` int(11) DEFAULT NULL
) ENGINE=InnoDB DEFAULT CHARSET=utf8mb4 COLLATE=utf8mb4_general_ci;

--
-- Dumping data for table `admin_users`
--

INSERT INTO `admin_users` (`id`, `username`, `email`, `password_hash`, `role`, `full_name`, `is_active`, `last_login`, `created_at`, `updated_at`, `created_by`) VALUES
(1, 'admin', 'admin@facepay.com', '$2y$10$sGMjH7LA0mkZ940tMRJ.POGGcj49XUZJKfZjWq29.J3Hv4yBso7rS', 'super_admin', 'System Administrator', 1, '2025-07-24 12:21:26', '2025-06-18 11:49:58', '2025-07-24 12:21:26', NULL);

-- --------------------------------------------------------

--
-- Table structure for table `face_embeddings`
--

CREATE TABLE `face_embeddings` (
  `id` int(11) NOT NULL,
  `user_id` varchar(255) NOT NULL,
  `embedding` blob NOT NULL,
  `created_at` timestamp NOT NULL DEFAULT current_timestamp()
) ENGINE=InnoDB DEFAULT CHARSET=utf8mb4 COLLATE=utf8mb4_general_ci;

--
-- Dumping data for table `face_embeddings`
--

INSERT INTO `face_embeddings` (`id`, `user_id`, `embedding`, `created_at`) VALUES
(16, 'USER_686a2f07b45002.32463636', 0x745e73bbb9da09bcef81ecbc9578453d131e0c3d10dbed3b240142bd4188393ddc6c35bdddef7d3ccf328c3d4f225a3c4f2b93bd8b9999bc168305bd856fe23cf80982bd88de513de2a4ec3cd663babc934a9cbdb76711bdbb92763cef90c7bb36a9253df8f88bbb6aefb93c2f802cbd51a4ed3cd39063bb67f1c9bd5650333b76c0fdbcb79abf3c9004533d5284693dcf79b0bcb238a1bcec7387bd2297d83da3c005bd677ddf3c7540103cf209193cb3bc05bd6540bebd85d0203c4239b9bc0c0289bd10f5dbbd7131b6bcd360e2bb931d11bd6776e5bd699bad3d6551a73b43a360bb4571323d9fdeebbcaed27e3c62582abd82d64abd2f0e3a3dc839613d550e6a3d76dc293d2c5ba93c2e8333bde5aa483c83bea0bd5a0f83bd54865f3d4ca45bbcaefe55bc31f9b53b807830bdaf732dbd0310ac3cfc137d3dbce511bb5662f83cebbcddbc910677bcc53f53bd9f14453d53f2173da359543d55d1f9bc834490bde9bd593cfcdcf5bc8b83e1bbd04858bce1ea543d5fdb10bc55a3b93d55f2c8bcd6e76f3d922332bdb594343ca1899abdf8a6f2bcb2ef9cbbe7fe993c10cd5bbdd98e033cd93122bd903b87bc31dd80bd4b7239bd1b9514bd9a063fbda1316bbd64b7b6bb018915bcccbc543dd002af3b48a53c3db76e9bbde59a40bca44088baff0b1e3dcb07933c15ebe4bc696c6e3d7e9347bd4679fe3c0170d63d8111eabc1c65b43b62db993cfa285d3ccc3e373c416955bc0cd13a3d0dfcfd3c35b1f3bddef61ebdff47123c974a433ac314bebbaed9d43d0ee714bd5e2a01bd30a95f3d760694bccc27a43bb75cd13bc4972ebd711badbb003fa13c72daa6bd1f15f4bdca11423b6881083d439bbd3c61a4cb3d38d7db3cecf848bd27343abdd303423d096ee9bcb7d546bd5e91783d7622943df8d4f7bb444152bd15322f3c8d72c5bd9b7ae3ba8b0756bd115a82bc793c8e38019f9dbdd36776bd365b153d14312cbd98ea8eb8484739bbb77feabc608906bd7cfc26bcd45352bc9bc2ddbb193609bd415c50bd8c7883bd7f07163d52ec8f3c88e1f0bcf2a68abd011f063d072d173ddd3c233c2035813d4953eabca4bbe8bc97f38c3d4d1e17bb90c97d3d8c90b9bc614ad6bb41ec853cd1d70e3d9a98073d044acabd89a94fbd0428c53da4e3813d74f7e83c3be2d33bbbb930bcab42813d4f1f0b3d9823dc3c1fa2bd3cb9c5ab3c075a8abd9b60e0bcf34d10ba72ed913d387cd73c70f2a9bbb0a89d3d2a884a3ddf617ebd157ca83ac67df539230b93bd594ff03c18cd163cc50a303d9935ac3c1b4a8c3be58216bd1cb829bbf129fa3c467e743d27d71a3d4554bfbd1ab870bac21f9f3df5701fbdae1dd3bcc478cf3ba435853d94d5823cf01fdd3b7cd19e3ce82e33bb5791ef3c7ed137bde7e437bdd257713cb34e113d2191353a25bc2abd733d76bd39a9a93d2b6408bda712cc3df8e645bb489b07bd7de3113cb34b6c3cc0e5033c2bf99dbb208211bdd84cb8bc383a403d70c3adbdba3aa3bca4e52c3c28f5d33b2592deb8dc60eb3d25d8a63cfdc890bde48ab83d8815c43cbc1e513cb490a63dc3cc6b3ce312853b538afd3cae40a83b3847b53c13f62c3dbd5368bd2192aa3cb050c6bdf86dcebc455fbd3de113f93bcb8a71bc2e2f0dbd3ee7ce3ce30a953d1b03243d0dcf1bbc973a80bd80973a3c0510413df6119b3db8eb933d45f521bd3b3a1c3d28de27bdc79c5d3c1b00023d170e0a3bfc50bfbd0b36f33b87fd7d3d1ee205bd24f39d3cdbe50e3b60c1a23c6a60043d21e02d3d182a76ba2790023c5ba7f93ce317bf3c098c523c9b29e1bce05da5bc71a9bc3d55b9c6bce32d7a3da3434c3d552faa3c8f5bcdbcb4930a3d238b663d88b4d8bb04e935bde0a349bd9bcbe7bb5cdc023c0470383c064c69bb200b383def0c56bd409352bdc5fe21bd7a0b23bddd85373d608c87bbccce4ebd18cee4bcdbec0b3c3b2d0e3deaa1c83bac70133dc5d39b3dfde88fbdc53c01bd9345483dfdcd96bc77c676bb7c92133d479038bd9646673cf3188fbc547959bcb39821bc76f00dbc730bd6bc7774993d68462c3d2a751b3d0ee41cbd3226763de8d7b8bd03569fbc362dfd3d72c376bd1aa432bbed73283d2d460cbc97be0d3c4be8a83abedcba3cd74d6bbdf0e2583dba7705bb18717f3c3f49953b55ff9c3dbd112c3db5f0293d20fab1bd27ff85bde69f0b3bef0901bc4340863ce5c8833dcef8c73d6110863bc04027bc2b901dbc212300bd560efbbca0c0bd3c591c3bbdcf7c8dbc7b26f23be4cc7f3c27bb30bc5d88863c03ebed3cdc03a7bbf979f43c25f54bbdef7e573d1c7db93b35102a3cf8b523bd3b667c3cc5dc403dfbb4443df6aedcbc5c724c3ddf4165bcacfc2dbdbb78353d720ed33b12e5bfbd524bb0bb4a3a2cbd99c515bd503e11bcead02dbc3783eb3cfc909ebc40ff743c7c61313c737b15bd961f21394ae5243daca57f3dff1b473dc4724e3d91090a3d1cb4113de66b0e3d681016bd78805fbc1d23283dd657613d1b8e973d32f6243ca8963d3c6cc8133d6c64b4bd7e0235bdd2621a3dcfd0cbbc65cf293d6b53f13a7b78b73d45eeaf3c3b0910bd050d7e3daab3093dde46c4bc7817b8bc7e343cbc0849623c8a78a4bdaa18abbc4498843dfb5504bcd2611a3d7a06a6bc79f5bcbcd138ff3a39b68d3c2858cf3c7531f9bb3344eeb9926b94bd170084bdd77ecabcda43ea3b4446893c6c33b3bc9a6d85bdad4201bc5378783b71cf26bd885cf53c165c7f3d1cef2fbdcc5f663d76b51dbd086456bdecc7b33c2bb25cbd7f24bebd8c4e28bce1dbc53b0fe9383c3acf88bc00c9773d43d2cb3daeab72bbfbf9933db28250bd5061853da5bf9a3d, '2025-07-21 09:17:21'),
(17, 'USER_686a2f07b45002.32463636', 0x671fbabad49c7abb839582bc5c505b3d04771e3dfdf9e43b553636bdd313593d8c663ebd370fd53bd1308b3d46ff923cc67998bd7cf459bcbb7b33bdb13c7c3c312f8cbdfa643d3d806bde3c3565a4bce57d9cbd64382ebdd4f1763cdc9fd3bc2dcb483d0d7174bc1fcbfc3c3e1e29bdcbfebb3c4451073c0201c5bd1e93b9bb23f51abdba1bb53c6e364d3d49f19e3dc5e28ebcdeeca7bcf25f8fbd6e94c63d46e608bd22e1b43c15cb793c9a3270bbfd2ce8bc9083bcbd5ca7803bd77623bc8a9691bdae76c0bd768bcebcd4dd78baf070aabc6521e7bdf2cfbf3d4d80d53b7e0fa83bb7737a3ddb3b13bd8228863cff4b02bd280340bdff3d3b3dfde8613d5a01843d2c55133d8995ec3c0ab427bd3bd7513cef0b98bd4ec38ebd69ae443dd5dce83a7ba105bc91162c3c6ac407bd66ff1fbd5ec2663c7c87783dae8252bbf0a80f3df519b8bc4c7a2cbc13fd2dbdd0883c3dd4f5033d6db7613d708bf0bcd57e8dbd591db03cda0accbce09ca1bba3faa5bca728613deec3a6bb0689b83d7e74bdbc23f86e3de0771fbd4a4b74bbdd8194bdccb2d9bca2ee0dbc9dd0333c8d2d73bd1f4b393c3e001dbd78bc9abc762688bd9ca23cbd851c1abde5762ebd70a163bd0a98193b438e93bc3aca6b3dba44233c4652583d32f8b4bd27bd00bc053867bb2af8273d0eab8a3c0343a6bceb14503df0b670bdf3e8ff3c9246cb3d5950cdbc16c6883a85a8bd3cb414153b6dff483c2a12afbbb26b4e3df10c243dbd70f4bda7e533bda8a228ba952f11bb8c40bebb9408e33df78f5ebd313602bda655673d9df7bebc3ff0b8bb23783e3cc5e308bd03f2753bfe86f33caf1196bdaf3d01bec286323c9487bf3c782aed3c15f8c43d3151d73c35c34abd8ba2e3bc64674f3d258e15bd86881bbd85fc5a3d5197a23d8bfe86bc7e165ebd20b3233c44f9c6bdeaf917bc2a562cbddd282fbcb39fcf3a30c2aabdaede88bd7919173d8d0f26bd8a07c83bec2ff8ba8d1e29bd694b23bd03bfabba102db1bcf10334baeaa417bd02ea20bdc04976bd5e1f2e3d794f753c8989b7bc8b3663bdddccd93cb7ac4a3dd9aa463b936f803d2f2781bcf8b32fbc55a7893decf43d3b3ac03b3ddf44e2bc5d4e05ba15795a3c427a053de2d0153df85cc3bd46c448bdba4db73d7acf8c3d40e2c93ca78bbbbb4faed0bc7d7c913dc42df53c6effc83c13b9a53c77308f3cd75f70bdea3bf4bc8d5e113bebbf673dc722b23cb651ffbbc311af3d4cc93e3d64e566bdcde4213cf9ebe4bb483a86bd61e8013d7357783cface153d4398933c1b3a2cbcb1a9febcb1012e3c8451a03cd5c8803db00c463dc994debd2e8bf8bbd2ab923de23209bd64aeb3bcc9d6823cdca16b3d31dd233c267aa43c3338063c16fc5ebcc5d2063d645718bdf57834bd02531d3d450a393d11331ab917201abd4fca76bd6520cb3d901d02bd9345ca3d3624603ad4dbe3bc8411e73bebe5db3c5ac6e93b14fba0bba3a3eabcc4b2bebc6ce6783d287990bdb602e0bc8edae83bbb5227bc23ca733ccc93ff3d77a8223da3fb7fbdc5959f3d90b0143d77e6ae3cacbd8b3d937a3e3c5cec063c31c1273d78592a3c4853353cc791273de56a66bd335d8c3c3cc7debdfebfcbbc9e2bb23d51b3133cdf8491bc2d9413bd8208ad3cf25fb23d9db0eb3cd44634bcf78684bde7599b3a2047643d956aa03d94fd903d57dd35bd2b6cfd3c345c2cbd6c999c3b513a1c3decf2633c762db7bd650e4bba1bca623d611faabc315ced3c4e21cfbaa5fad03ca98e813c007b393d5cd691bbaf5817bbf4cd033dcf1da53cb37bc23cd83ce9bcbeb361bc89b8c13d28782bbc4f965a3d29fd693d3f7f863c17131abd3755f23cf2353e3d320dcfbadcce42bd928425bdefc87fbb17d1a53bf910953c5567823ad6ee263d080b52bd4e994bbd4d571fbd1e7e2dbd4971213d619a6cbbb5b332bdaa7013bd252d1cbb1a47323dca4717bbf616243df1a28e3d08f364bd6361d6bc6768433d8cece6bb2985f3bb91fbff3c212333bdb3fbaa3c51eda3bccf44a6bcf6e4a8bc368b26bcbd3095bc5a02963d0167223dfe784f3d01c54dbd15e03f3d3ee299bd2466bcbc6f93033e511967bd1d05eabb8720383d5181dc3ade090d3c602d093ccb1ab33cbba66fbdfb11533d394e00ba4cd67d3c1347873b6926973d63f22b3d6fdb353d5ef6d4bd54d04abde1e0dfbb4956ecbb8ba7a83b9aa5643dc3b0bc3dbdcee03bbc1d03bca8bd43bb8bdc92bcb8b408bdd471433dbdf738bdf19ce1bc37b0963b63aea03cb7356abcbfb9383c96f9f03c986581bc04aaef3c865520bd02bc543d7d09b13bcdaedf3b6a842abdc7f3cb3b6fc6303dde692d3db5845cbca3f20f3d514975bc3be806bdf87d3e3d9f6b1d3c88dcbebd8d4a84bc1f7866bd066914bd26ff92ba0fc671bc8ccbdc3c18f5abbc83448ab99a089f3b34dd49bdbc202a3a9bb91a3d4fea803d74770a3d5179423d761bd33c56130a3d1adab13c94e9e0bc281569bbb832fb3c90058b3d46e6843d4bc4a13c0a9d843cf941173d6d46b2bd24d017bd5824de3c02a42ebc02873b3d18004dbb0915a73df43b853cd22516bdf9658b3d0e19353dd46e0ebd152ac3bcca0a8cbb1a9c813c595ab0bdba526ebc4df4813d27742c3bd1031f3de7b5a6bcc1e302bd74f48d3bf5d56e3c5e4ce43cd439a8bb30ab2bbb4294a8bd5d2482bd63e4afbc7fe16d3bf0a16c3ca183e3bcceaa71bd22092ebce6a7373b4913e6bc49691d3dfe8b813d6c0856bdea693e3d8e1728bdadc34bbd0011b93c80f24abd08d6bfbdfaf903bcbac8783cab13773cb7badbbca5ba833d8fb3e13dafd173bb7e9a8f3d76ae21bdac35893d23c4983d, '2025-07-21 09:17:21'),
(18, 'USER_686a2f07b45002.32463636', 0x671fbabad49c7abb839582bc5c505b3d04771e3dfdf9e43b553636bdd313593d8c663ebd370fd53bd1308b3d46ff923cc67998bd7cf459bcbb7b33bdb13c7c3c312f8cbdfa643d3d806bde3c3565a4bce57d9cbd64382ebdd4f1763cdc9fd3bc2dcb483d0d7174bc1fcbfc3c3e1e29bdcbfebb3c4451073c0201c5bd1e93b9bb23f51abdba1bb53c6e364d3d49f19e3dc5e28ebcdeeca7bcf25f8fbd6e94c63d46e608bd22e1b43c15cb793c9a3270bbfd2ce8bc9083bcbd5ca7803bd77623bc8a9691bdae76c0bd768bcebcd4dd78baf070aabc6521e7bdf2cfbf3d4d80d53b7e0fa83bb7737a3ddb3b13bd8228863cff4b02bd280340bdff3d3b3dfde8613d5a01843d2c55133d8995ec3c0ab427bd3bd7513cef0b98bd4ec38ebd69ae443dd5dce83a7ba105bc91162c3c6ac407bd66ff1fbd5ec2663c7c87783dae8252bbf0a80f3df519b8bc4c7a2cbc13fd2dbdd0883c3dd4f5033d6db7613d708bf0bcd57e8dbd591db03cda0accbce09ca1bba3faa5bca728613deec3a6bb0689b83d7e74bdbc23f86e3de0771fbd4a4b74bbdd8194bdccb2d9bca2ee0dbc9dd0333c8d2d73bd1f4b393c3e001dbd78bc9abc762688bd9ca23cbd851c1abde5762ebd70a163bd0a98193b438e93bc3aca6b3dba44233c4652583d32f8b4bd27bd00bc053867bb2af8273d0eab8a3c0343a6bceb14503df0b670bdf3e8ff3c9246cb3d5950cdbc16c6883a85a8bd3cb414153b6dff483c2a12afbbb26b4e3df10c243dbd70f4bda7e533bda8a228ba952f11bb8c40bebb9408e33df78f5ebd313602bda655673d9df7bebc3ff0b8bb23783e3cc5e308bd03f2753bfe86f33caf1196bdaf3d01bec286323c9487bf3c782aed3c15f8c43d3151d73c35c34abd8ba2e3bc64674f3d258e15bd86881bbd85fc5a3d5197a23d8bfe86bc7e165ebd20b3233c44f9c6bdeaf917bc2a562cbddd282fbcb39fcf3a30c2aabdaede88bd7919173d8d0f26bd8a07c83bec2ff8ba8d1e29bd694b23bd03bfabba102db1bcf10334baeaa417bd02ea20bdc04976bd5e1f2e3d794f753c8989b7bc8b3663bdddccd93cb7ac4a3dd9aa463b936f803d2f2781bcf8b32fbc55a7893decf43d3b3ac03b3ddf44e2bc5d4e05ba15795a3c427a053de2d0153df85cc3bd46c448bdba4db73d7acf8c3d40e2c93ca78bbbbb4faed0bc7d7c913dc42df53c6effc83c13b9a53c77308f3cd75f70bdea3bf4bc8d5e113bebbf673dc722b23cb651ffbbc311af3d4cc93e3d64e566bdcde4213cf9ebe4bb483a86bd61e8013d7357783cface153d4398933c1b3a2cbcb1a9febcb1012e3c8451a03cd5c8803db00c463dc994debd2e8bf8bbd2ab923de23209bd64aeb3bcc9d6823cdca16b3d31dd233c267aa43c3338063c16fc5ebcc5d2063d645718bdf57834bd02531d3d450a393d11331ab917201abd4fca76bd6520cb3d901d02bd9345ca3d3624603ad4dbe3bc8411e73bebe5db3c5ac6e93b14fba0bba3a3eabcc4b2bebc6ce6783d287990bdb602e0bc8edae83bbb5227bc23ca733ccc93ff3d77a8223da3fb7fbdc5959f3d90b0143d77e6ae3cacbd8b3d937a3e3c5cec063c31c1273d78592a3c4853353cc791273de56a66bd335d8c3c3cc7debdfebfcbbc9e2bb23d51b3133cdf8491bc2d9413bd8208ad3cf25fb23d9db0eb3cd44634bcf78684bde7599b3a2047643d956aa03d94fd903d57dd35bd2b6cfd3c345c2cbd6c999c3b513a1c3decf2633c762db7bd650e4bba1bca623d611faabc315ced3c4e21cfbaa5fad03ca98e813c007b393d5cd691bbaf5817bbf4cd033dcf1da53cb37bc23cd83ce9bcbeb361bc89b8c13d28782bbc4f965a3d29fd693d3f7f863c17131abd3755f23cf2353e3d320dcfbadcce42bd928425bdefc87fbb17d1a53bf910953c5567823ad6ee263d080b52bd4e994bbd4d571fbd1e7e2dbd4971213d619a6cbbb5b332bdaa7013bd252d1cbb1a47323dca4717bbf616243df1a28e3d08f364bd6361d6bc6768433d8cece6bb2985f3bb91fbff3c212333bdb3fbaa3c51eda3bccf44a6bcf6e4a8bc368b26bcbd3095bc5a02963d0167223dfe784f3d01c54dbd15e03f3d3ee299bd2466bcbc6f93033e511967bd1d05eabb8720383d5181dc3ade090d3c602d093ccb1ab33cbba66fbdfb11533d394e00ba4cd67d3c1347873b6926973d63f22b3d6fdb353d5ef6d4bd54d04abde1e0dfbb4956ecbb8ba7a83b9aa5643dc3b0bc3dbdcee03bbc1d03bca8bd43bb8bdc92bcb8b408bdd471433dbdf738bdf19ce1bc37b0963b63aea03cb7356abcbfb9383c96f9f03c986581bc04aaef3c865520bd02bc543d7d09b13bcdaedf3b6a842abdc7f3cb3b6fc6303dde692d3db5845cbca3f20f3d514975bc3be806bdf87d3e3d9f6b1d3c88dcbebd8d4a84bc1f7866bd066914bd26ff92ba0fc671bc8ccbdc3c18f5abbc83448ab99a089f3b34dd49bdbc202a3a9bb91a3d4fea803d74770a3d5179423d761bd33c56130a3d1adab13c94e9e0bc281569bbb832fb3c90058b3d46e6843d4bc4a13c0a9d843cf941173d6d46b2bd24d017bd5824de3c02a42ebc02873b3d18004dbb0915a73df43b853cd22516bdf9658b3d0e19353dd46e0ebd152ac3bcca0a8cbb1a9c813c595ab0bdba526ebc4df4813d27742c3bd1031f3de7b5a6bcc1e302bd74f48d3bf5d56e3c5e4ce43cd439a8bb30ab2bbb4294a8bd5d2482bd63e4afbc7fe16d3bf0a16c3ca183e3bcceaa71bd22092ebce6a7373b4913e6bc49691d3dfe8b813d6c0856bdea693e3d8e1728bdadc34bbd0011b93c80f24abd08d6bfbdfaf903bcbac8783cab13773cb7badbbca5ba833d8fb3e13dafd173bb7e9a8f3d76ae21bdac35893d23c4983d, '2025-07-21 09:17:21'),
(19, 'USER_686a2f07b45002.32463636', 0xb4547abbce3ac9bbcf1709bd7b474a3d08c1003dab1a1f3ce5c13cbd30e54a3dfa0a24bd8e2fd13bc938943d063f683cf8db9ebd5c4f99bce41c07bd37eec33c470785bd1998523db19df13c62d3dcbc012f9ebd41c10dbd723e9c3ce69817bcb244173d7ff3a0bb6f54d93c16342dbd3858fa3ca155dfbb5231c5bd9b48c33b67cc02bd2e6aa33c8e264e3d04f4633d0b20b7bc208faebc51cd8cbdc169de3d3b1e11bdb231eb3cc6190c3ced216c3cd24e00bd34eec7bd1e2f2b3c9afac5bcb7f884bd0060d5bde2ffbabce035bfbb787317bd8f91eabd3beda63d6fe0ed3b2bd7c1bb33a52c3d5e6ee5bc180d6c3c22252fbdf77b43bd4f9b353dc783503d91ce673dc3c9363d10a1a03ca5aa2cbda76d703c8db4a6bdc03683bd6c25653da65977bc1c9497bc16c4fa3b837733bd6b0422bd7e969b3cb248833d22edd2bac8b9053dea5be0bc1de081bc2f944fbd8abf4b3df680063d4c3b573dec0500bd40268bbd62409f3c038400bd8d2b05bc62275bbca82b513dda92dbbb3d88b53da3cebabc6ce7743de0c523bde9fd553cc3e198bdec6308bd5f1a39bb2975733c93ce50bdfff5813be0f918bd7d5c64bcc8cc82bdf62838bd222d1dbd1d2440bd44ca75bd31ceb9bb790615bc1a75493d88e0e13b83f74d3d02349cbd8255d1bbbb00ab3a39d0243d5074633cc4f3febc84e25d3d51f55dbd40850d3d0bdacd3d3cc0f9bc33a08a3b562db73c524c813c873bdf3bac1382bcef0b323d49a0023d60b9f8bdde3c27bdb60fe93bf4a5b83bb0fdd2bb87e9c83d6deb19bdcb9109bdfa235c3d392394bc63bcdd3b74b9c13b4b7b23bd3e40cdbbde30913cf853a5bd15e1ecbd6c344abbec5a183d7c28ba3cf26fcd3d36c1b93c26823ebd8bbe32bdffc0483dd451e1bcd15f49bd78567c3dce75883d5efa2fbc3f264dbd2d50193c9d2ec4bd74faed3a98b45fbd84676fbc4c4d473ba1729cbd06ef69bd54661c3daf853fbde8793a3b04258dbbf861ecbc629212bd648015bcf4bf7bbcbdbffcba25ed03bdcaed49bdeaa184bdc3d60d3d2368bc3c8aa5dcbce09a89bd3681f93c727d0d3d78972e3c9252773d6054f4bc02f3dfbcdafd8c3d63fec6bbdd7d6d3d5c65a4bc7f2f12bc6cb7813ce8bd063d75b9003d8e15c4bd2da44dbdc6b7ce3d8c73863dccb0e63cf6ed273ccc32f4bba088753d69361c3d887ded3c7a20c73cafb3b23c962a88bd4dbcd6bc016d43baab1d933df235fe3c0fc700bc4724a13de5ef5b3d8e1e7dbd73ac983a5c322d3b554885bdcc52e83cd3ee333ca796393d2397a43cd18669ba32b519bde0e4a439fac7073df9ea7b3de46c293d90b8b4bdca091dbb43f89d3d358827bd6fc7f8bc3e3dd43baafe833d35734f3cd451ac3b952fa83cb402bbb94e3ce53ce9d034bd09e325bdf38d583cabe0143d16a7a63975732fbd73057abd6295b53d361a0ebd3be0cb3dc111f2bba56719bd1cc41c3c2369353c7c6d033c81413ebb76d902bd96fbbdbc08f0433dbb4fa5bdd9bd95bc50109b3b5464983b547369bb3fa6ef3de9d0b93c2eae94bd2278b93daec88b3c969f8f3c9922a33dbedf413c6faa343b18bd003df527b83bb1cccb3c6fa1203dd64969bd9aafb43c61eac3bd64c0a8bc57bcbc3de78e153ca3d69fbce83d19bdcae4e43c3066933d85392e3d6ed725bc56068abd10cc683c8c7d3d3d034f9d3ddef48f3d51e211bd07001a3d0fe635bd757a613c8b140e3d7b6e84ba69fbbcbd7d63003ce22b783df56001bdb554a13c59022a3bd549b63cde20093dd0f21b3d98c132ba1093603cb728f23c69f7b93c8320293c09f5e6bcc8d2b4bce9ebc23d2370c1bc4ea96b3ddedb443d1d86ac3c57f6fdbc3035103dd3d9783db555ebbb8fd339bdfcb340bdbc1cfdbbc9621e3c1c00573cbc3c0bbc46d24a3d795b68bdf0bd63bdbd501ebdf11724bd26ce2c3dac44e0384f0657bd09e4dabc8b022c3c2792163d60e1983be7061e3d1b8d9c3d9f8294bdd51618bd73b7413d0ecdadbc568d02bcf63cef3c8e1c32bdebf26f3cbe2dacbc745e4bbc7d4f03bc305f0fbcc911f7bc0582983d1c262d3d2793103d3d930bbd6710643d8b85b4bd9710b7bc54d5003e6a2171bd5c3b3d3a35d3233d125ce3bb2407b73b626e593b251cba3ccdbe59bd7bf1513de09a64bba296593c0905373a43ba933d2fea3a3dda4b2f3d1147b5bde8568dbd5d2025bbb6691fbc48bc563cc886903da608c53d4b94d43bccf360bc1c3ed6bb6d0502bd4004adbc8574aa3c8c2429bd13a397bcc32e1e3babd0a53c52b670bcd648843cc30ffe3c013460bbf9a3f93c3d7742bd974d573de377ae3b3ae7343cc09727bddaf45d3c4ac5323d343a403db082e0bcaedd423d856690bc0da923bd4aa1443dec60e13be1d3bfbde4eebbbbb09923bdeb082bbdd21056bcec80d5bb1336dc3c41c887bca4f1533c04db473c610b01bd4216fd39d3c32c3d37cd793dcbeb3a3de163333d6455093d4078f43c49ce1e3d145815bd54431dbc5440173dd8f9613dcc5d943d99b8153c52ae603c4338153dd82dbabd876d36bd20b5203de008b5bcb21b2b3d3780063b2dc7b93d31b2f93c931f07bde2c3743da56d143d1225adbc7535aebc1d015abcdac4523ccde78fbd032cadbc1ff8813d8938ebbb7b5f1f3d984489bcb397bcbcd2389338a5ba933c7105c93cc490afbb0181aebaa4e395bd46c883bd5040e7bc6d02723b5cb37d3c8c24bdbc87b28ebde3e87abb2fbf2a3c6d5729bd9138c73c9364873d453124bd8e45633d54e910bdabaf56bd963fb03c1e925dbdd827c2bd7e9d67bcb705d43ad105e13b935f6ebc109e803d581ec73dd1be163b535b8f3dbe4662bd77e2863de5c0a03d, '2025-07-21 09:17:21'),
(20, 'USER_686a2f07b45002.32463636', 0x57d154bccabe3cbadadcf3bc9773353d9c76be3ca1bd2cbc54a950bd3a33783db63733bd63912fbaa5f9473d6c8b003d26369cbd573f20bca1078bbd07bcc23cf2db28bd8dba163de7c2523c527f14bd4f168dbd59f17fbdb14f9a3cb3ffdfbc143ccf3c9372803ce4c9193d061b44bdb4e7173d3ed3eeba2cd2b0bd6bce513ce0f628bdeb7fe83ca3e0a63d7423383d6149a8bc725014bbd80169bda5ffb23dec0ab8bc9d643f3d38be88b98fc31cbc91b029bd7c41c8bd18d30cba54ec4ebc166741bd05cccfbd00ea1abc1cfdce3c68b8e3bc231cd3bdfb08bb3d8260833c5b9a4ebbb2d8793d8c1993bcca72573c58988cbc73d9f0bc91781e3d6568283da626983dfa505e3dd4d31f3c9c7082bd4eaa23bc2c0b86bd2b9781bdf4b6033daf0323bb7ba6c7bc0dcae73cb83d86bc2c4396bd2f8d983cc50f413d9011f3bc7cdf3a3dfb1593bc61e861bb23d22bbd97e24d3de8460c3d7994783cb53d1dbd6e5a89bd53d4413dcb04f6bc12e19f3cdc76d6bcdc50d93cac51acba82e0bc3d10cac4bcf74c8b3d085116bd3a93c9bc245257bd680f19bdb6816dbcc1765b3c4b1e40bd6e1a0a3d375011bd182ae6bbee8271bd33e01ebda3f2c7bc745b97bcb149ddbcad7e8a3a78a4f1bc4e863d3de0342f3c8a6b853d39e6aabd9684e53b66c4d0bc2b91323df4585d3cab3491bac6aa943d7a1a76bc5320ff3c0946d83d4ccec3bc7dcf3c3a2efa523c071e813b1fd9813c1b85d83b7f48053d9b359d3cfe2aedbdf62441bd1ede12bc1c371ebca07ee2bcb33cac3daee515bd6acd1dbdf934453d5f80b0bcd33408bb9248ba3c242712bd5e13d83a9ef359bb0d7896bd1b0bd4bd0e9f8f3cab54b83b8f691a3c1d7ec63de223b93ce48d85bddcdbf1bcadce933db6d44cbd9a0778bdea846c3d937d953dae34f7b9f75694bdd759cf3c680ea8bdad0baabc3a9a13bda0189dbce829093dcc098abdf1d88dbd5351983d7a380abd1bd2ebbba027bd3bd7a52dbbaba6f7bcdf1e98bc2b3c3d3a16a34fbc85bdfdbba338a6bce60f7bbd77dba73c8568b53c07bd9bbc04ae9dbde7509e3cc1d84a3d36a711bc8a41843d2a0485bccd0e7bba140ea43d0ff72cbc33be7c3d7077bfbcbb2b15bc2fb8d7bba65bc03c84e50e3da4e9dbbdfe9019bde623a43d20a6873d5a820b3dd56d14ba78d77cbc8868aa3d392e173d1fbf013df08cb53c0055073dd2768fbdf361a9bc18c8483c01ee473dafa3ef3b2e176dbcdc228f3d307bb23c32ef92bd1c2bb73ba48d42ba166c92bdef6cac3ca53c763b6314823d95f7453d7ac6be3bd95455bd06a8863c4cb9e23c72a91b3df014573c6d05bcbd5cf681bc7e9ba23d2b3c1bbdcd3992bca328fbbb5063143d0527a73c7ef9113d0d590c3cbd7738bc5f7a063dd3dd11bd27e041bd208e833b476a573d37623fbb6d1d03bd46294dbd8a45ca3dbe5c07bd1fdadc3d76bcdc3ce1b45abc4b37d9baec7c253d79471e3d154b8fbbf22b4fbd12b164bcfa34693dee5b69bdaa1111bcf0f40a3c7c50723b553cfd39f240ee3d2b29003d6fde88bdbe82943d53a5133c17cad53b33d98c3d7a5380bcec74c3bbdd9d2b3dbe1ca93bd46c613c3498fa3c7a17a9bdc796ed3bc4aedcbdfd24a53b7aceb43d4366b6bc93a18ebc65f218bd2439c73ad691ad3d5fc85e3d337b5fbb9fff57bde683273caa9c723dd91d9c3db0308e3dbf5749bd197a133d3e6766bcdce2bcbcd99b413d831470bbb2c5b8bd9722efbb69de863d1645acbc4a521b3c1a3698bcedb9013c9ee0d93c3cfd163d5e8878bb93c824bb707e5b3c6ecbf13c09907cbc6e8d4bbd0bf58cbbf1a4b83d1a42ddbcef26553de6d5093daca5c83c9d9133bdbb71b43cc59d253d5f1624bced1b8fbdfd1b47bd9c5231bc66ed29bb56d32e3ceb7b1ebce454753ca84df7bca6c044bd0e098bbdb90014bd4e194e3da60a443c5a9b1dbd0ab564bd8d5461bc40de2c3dd2aec13c1a662f3d879c943db2e29dbdb5173abd3b54b13c54bf83bc3c47cbbccc75973c898602bdba381f3d7bdc0cbcb48eacbcd502fbbcc609b5bced5116bd1db9b43dd531a13c46d7593de88958bde22a823d840989bd0d5cdabb21d6113e20f252bddfd3d2bb4ce2253de01e343c55ceb13bfff7af3ced6b0d3dc12237bd24cba63d6c1069bb2975bf3c9bc9ef3c5e687c3d2eb34e3c5817783d311b9bbd5220a0bd0e0e773b7b2ea8bc777a1d3c3c9d4a3dd811ac3dcc8d193c016bd7bce95b36bbe36ff1bcea2fdfbc3721e53c27a75cbd68b6dcbcba03b83cbe421e3d7b29383cb858e13b31bc053d2cde46bcd6fd963cf3114cbdb7c6703dfa6f773b3c40273b0b475fbd9aa8533ad485213d1ea64f3d2d5fdcbc5429cc3c63494abc4a088abccacf863c8bfe263b8111d6bd62a473bcb8ab8dbd27e92fbdf756bd3bbd7951bb9434913c855bf43ae080303cf6d53b3c4fb12fbdb392abbb60f5683dde9c5d3d05fa193d1e21013dd6115f3c7247fc3c459e773d383141bd81f4e4bcac53b63c85ef773de792df3c55759a3ca3937b3c28b1b03cbcfab9bdf5b758bd1209c13c69d9c9bcc8c0963d15a88e3cea55bd3df1219f3c060dd0bcdaaf9e3dc358573d96a1f6bc08f6a3bb968e6dbc1170bb3b7852b4bd151d33bd20eb8f3d80d258bcf65c8c3df2c301bdaa901abd0d7ff8bcd0c0ec3af6ac083d9fea393bcfde973ba05da8bda3d997bd9166debc285d91bb0247a93c3671ebbc77bd80bd3a9f8abc8fb193bb84d611bdd57dd73cddb1663da0fc0ebdfa171c3d5f304ebd5113efbc5a4abbbaa7893cbd5aa1a1bd9bac55bc940d0fbc4ff5603c994fc7bcf3a6323dc1c6903d8c4437bcf3ac953d868d62bdd84c5c3dc941893d, '2025-07-21 09:17:21'),
(21, 'USER_686a2f07b45002.32463636', 0x671fbabad49c7abb839582bc5c505b3d04771e3dfdf9e43b553636bdd313593d8c663ebd370fd53bd1308b3d46ff923cc67998bd7cf459bcbb7b33bdb13c7c3c312f8cbdfa643d3d806bde3c3565a4bce57d9cbd64382ebdd4f1763cdc9fd3bc2dcb483d0d7174bc1fcbfc3c3e1e29bdcbfebb3c4451073c0201c5bd1e93b9bb23f51abdba1bb53c6e364d3d49f19e3dc5e28ebcdeeca7bcf25f8fbd6e94c63d46e608bd22e1b43c15cb793c9a3270bbfd2ce8bc9083bcbd5ca7803bd77623bc8a9691bdae76c0bd768bcebcd4dd78baf070aabc6521e7bdf2cfbf3d4d80d53b7e0fa83bb7737a3ddb3b13bd8228863cff4b02bd280340bdff3d3b3dfde8613d5a01843d2c55133d8995ec3c0ab427bd3bd7513cef0b98bd4ec38ebd69ae443dd5dce83a7ba105bc91162c3c6ac407bd66ff1fbd5ec2663c7c87783dae8252bbf0a80f3df519b8bc4c7a2cbc13fd2dbdd0883c3dd4f5033d6db7613d708bf0bcd57e8dbd591db03cda0accbce09ca1bba3faa5bca728613deec3a6bb0689b83d7e74bdbc23f86e3de0771fbd4a4b74bbdd8194bdccb2d9bca2ee0dbc9dd0333c8d2d73bd1f4b393c3e001dbd78bc9abc762688bd9ca23cbd851c1abde5762ebd70a163bd0a98193b438e93bc3aca6b3dba44233c4652583d32f8b4bd27bd00bc053867bb2af8273d0eab8a3c0343a6bceb14503df0b670bdf3e8ff3c9246cb3d5950cdbc16c6883a85a8bd3cb414153b6dff483c2a12afbbb26b4e3df10c243dbd70f4bda7e533bda8a228ba952f11bb8c40bebb9408e33df78f5ebd313602bda655673d9df7bebc3ff0b8bb23783e3cc5e308bd03f2753bfe86f33caf1196bdaf3d01bec286323c9487bf3c782aed3c15f8c43d3151d73c35c34abd8ba2e3bc64674f3d258e15bd86881bbd85fc5a3d5197a23d8bfe86bc7e165ebd20b3233c44f9c6bdeaf917bc2a562cbddd282fbcb39fcf3a30c2aabdaede88bd7919173d8d0f26bd8a07c83bec2ff8ba8d1e29bd694b23bd03bfabba102db1bcf10334baeaa417bd02ea20bdc04976bd5e1f2e3d794f753c8989b7bc8b3663bdddccd93cb7ac4a3dd9aa463b936f803d2f2781bcf8b32fbc55a7893decf43d3b3ac03b3ddf44e2bc5d4e05ba15795a3c427a053de2d0153df85cc3bd46c448bdba4db73d7acf8c3d40e2c93ca78bbbbb4faed0bc7d7c913dc42df53c6effc83c13b9a53c77308f3cd75f70bdea3bf4bc8d5e113bebbf673dc722b23cb651ffbbc311af3d4cc93e3d64e566bdcde4213cf9ebe4bb483a86bd61e8013d7357783cface153d4398933c1b3a2cbcb1a9febcb1012e3c8451a03cd5c8803db00c463dc994debd2e8bf8bbd2ab923de23209bd64aeb3bcc9d6823cdca16b3d31dd233c267aa43c3338063c16fc5ebcc5d2063d645718bdf57834bd02531d3d450a393d11331ab917201abd4fca76bd6520cb3d901d02bd9345ca3d3624603ad4dbe3bc8411e73bebe5db3c5ac6e93b14fba0bba3a3eabcc4b2bebc6ce6783d287990bdb602e0bc8edae83bbb5227bc23ca733ccc93ff3d77a8223da3fb7fbdc5959f3d90b0143d77e6ae3cacbd8b3d937a3e3c5cec063c31c1273d78592a3c4853353cc791273de56a66bd335d8c3c3cc7debdfebfcbbc9e2bb23d51b3133cdf8491bc2d9413bd8208ad3cf25fb23d9db0eb3cd44634bcf78684bde7599b3a2047643d956aa03d94fd903d57dd35bd2b6cfd3c345c2cbd6c999c3b513a1c3decf2633c762db7bd650e4bba1bca623d611faabc315ced3c4e21cfbaa5fad03ca98e813c007b393d5cd691bbaf5817bbf4cd033dcf1da53cb37bc23cd83ce9bcbeb361bc89b8c13d28782bbc4f965a3d29fd693d3f7f863c17131abd3755f23cf2353e3d320dcfbadcce42bd928425bdefc87fbb17d1a53bf910953c5567823ad6ee263d080b52bd4e994bbd4d571fbd1e7e2dbd4971213d619a6cbbb5b332bdaa7013bd252d1cbb1a47323dca4717bbf616243df1a28e3d08f364bd6361d6bc6768433d8cece6bb2985f3bb91fbff3c212333bdb3fbaa3c51eda3bccf44a6bcf6e4a8bc368b26bcbd3095bc5a02963d0167223dfe784f3d01c54dbd15e03f3d3ee299bd2466bcbc6f93033e511967bd1d05eabb8720383d5181dc3ade090d3c602d093ccb1ab33cbba66fbdfb11533d394e00ba4cd67d3c1347873b6926973d63f22b3d6fdb353d5ef6d4bd54d04abde1e0dfbb4956ecbb8ba7a83b9aa5643dc3b0bc3dbdcee03bbc1d03bca8bd43bb8bdc92bcb8b408bdd471433dbdf738bdf19ce1bc37b0963b63aea03cb7356abcbfb9383c96f9f03c986581bc04aaef3c865520bd02bc543d7d09b13bcdaedf3b6a842abdc7f3cb3b6fc6303dde692d3db5845cbca3f20f3d514975bc3be806bdf87d3e3d9f6b1d3c88dcbebd8d4a84bc1f7866bd066914bd26ff92ba0fc671bc8ccbdc3c18f5abbc83448ab99a089f3b34dd49bdbc202a3a9bb91a3d4fea803d74770a3d5179423d761bd33c56130a3d1adab13c94e9e0bc281569bbb832fb3c90058b3d46e6843d4bc4a13c0a9d843cf941173d6d46b2bd24d017bd5824de3c02a42ebc02873b3d18004dbb0915a73df43b853cd22516bdf9658b3d0e19353dd46e0ebd152ac3bcca0a8cbb1a9c813c595ab0bdba526ebc4df4813d27742c3bd1031f3de7b5a6bcc1e302bd74f48d3bf5d56e3c5e4ce43cd439a8bb30ab2bbb4294a8bd5d2482bd63e4afbc7fe16d3bf0a16c3ca183e3bcceaa71bd22092ebce6a7373b4913e6bc49691d3dfe8b813d6c0856bdea693e3d8e1728bdadc34bbd0011b93c80f24abd08d6bfbdfaf903bcbac8783cab13773cb7badbbca5ba833d8fb3e13dafd173bb7e9a8f3d76ae21bdac35893d23c4983d, '2025-07-21 09:17:21'),
(22, 'USER_686a2f07b45002.32463636', 0x6034fbb8116588bbd596f7bc7546653d9a35ef3c60f7ad3b45284cbdc56d463d453500bdf9439c3c6fc4953da117733c43039dbdfc3f98bc10903cbd0545743c8f9a98bdf5733e3dd461993c4cd5b2bc2d309ebd6cbff9bc608caf3c218a6abb502a273d63e2713bb375dd3ce60921bd74bee03c12f6673b20aec0bd3e49c93bfe7efebc28857f3c51aa7a3dde5b733d1176acbc5d338cbb80c083bde3d7d33d31cd09bd6a06ec3cbcc1c03c31a3613cd4ce0ebd0798cfbdc6aea33b4634d5bc90f375bd6d61d9bd0ebe70bce2be1dbb6c7007bde1b2e4bddbddaf3dabd2503b01b0f7bbfdbc453d56a598bc13d5863c96d131bd14df3dbd55b3403dc84f623d6aa9733d09e8153deb91883cba9626bd0bbc013ccdc898bd3fd482bd8f7f653d4b6b23bc22252ebcd742b1bb8ac53cbd004a30bd520fd33cc7435c3d009df03863bd2b3dae1f06bd5b2caebc75e634bda06d3f3d177a0e3d56f3583d3e1fd1bcd62793bd5a86dc3c5a9805bd2cde113cfaa68abc779d243dbc4d10bc6ab2b93dbdb9e1bc0181673d1eab1cbda7646d3ac2029cbde51d0dbdd61b743aa2a3803c8dec62bdbd6d083cfc4627bd04cc2bbcfa6982bd431139bda3c210bd3c0b47bd01e44bbdc90941bb2aa9fbbbaf94363da329eb3b99a06f3db9f098bd40c097bbdf2b81bc63c9ec3c2af1cf3b66cd00bd2a056c3de95030bd822ed33c5873d63d3a3dc4bcc570003c06b79c3c7651a43c34e72b3b0eb10cbc1daf243d4a21de3cad51e8bd666f2cbd1fc10e3c58d6413b1bf44abca7ddd53d9d3bd1bc64a408bdd0fd493dc28ba1bc0d3ad83aac2f513c431b29bdfe1c033bbc44b03c4c94a9bdd6b6fbbd9aa5373a1219ee3c3cdac93cab44d43d0cc4dc3cec8946bdf5cf48bd9fc96a3d1964f7bc4fe52fbdb7ff6e3d2836953d76d503bc41563bbd44f14e3c4152dbbdcac1e1bb5da549bd70b5b3bc30ffb63bd4579fbd2d8584bdbc11233d5a4419bd6b60993b09c6903aa857a6bc24960bbda07702bcb95015bcedb028bcacc700bdb7794abd4d2486bdc4430a3dc5a0a43ccf46eabc1d755abd53cac43c8478133dddb52c3cf4f4883dd72b02bdca5f9ebc732d993d02d6183b17b85a3dff0dacbcfb6797bb89d3183c8ad8d33cc19e183dc39ed3bda9fc61bd1797c23dfc07733d75fa0a3d5db73d3c357642bc58c47e3d2196be3c0fb3053d0ad8973c3b17ac3c12627cbdc116dfbc5057a63bfbde943d74da9a3cd33e813a8e5d993d452a1c3db4f089bd15e062bbcfb5bdbaf7d26ebdddcdf33ccda06b3c3fe23f3db537dd3c15326f3b79490dbd930cb53bdbc8ec3c6ba47a3dec251f3d8466b6bd2678a6ba1d71993dfe76f8bc249ef7bc38f4483c2bc4693d07ec873c181eac3b515d423c16089abc8629f23cac213fbd59b657bd24e45d3c30c90e3db578503cbc6926bd032c61bd670fa03dcfa716bd429ae73dd245d2362092f6bc7480a13bbe91873cf9f5cc3b765618bbc5c607bd38d793bca872483db2f5aebd4ba3bdbc7bc6da3baf8a6d3a56399bbbf4f5003e9da8d53c618d98bd5aa2b93d1098c23c74b84a3cbf18a63d549c603c7b40653b84cbcd3c49a80c3cf8f1293c94644f3dd40e6dbd3ed7e43c2b87c4bda7d990bc8bd9c33d3e7be53b2d8491bc5ca906bd1f7b9f3c9d7da13ddf210a3d8e323ebce49f94bddcf4763cd4d3323d5028a23d879c8f3d047700bd8132223d23751fbda53e31ba267c0a3dc45f4db954b0bfbd9e2ebb3b2486833de6e8b6bca0fb343ce03e013cc34dd63c248beb3c240f5b3d94c431bcfab8a23bc0d7e23c1d0e903c514f3e3c225b0dbd27177bbc3ab2ba3deec88dbc5d39753d6c95393df41fb43c8a7218bdb27b233d5ee15d3d3c251cbc55703bbdef2c4abd44a4e8bba2f050bb0ae23e3c115fb8bb1c37293d4ba758bd26e045bdca0e26bd9dd718bd7952393dcbf7913be80655bd1f0a29bd74e6243aefd0e83ca824d9bbef6de93c3c2b8e3d43f090bd857ef8bcac63233d5c3011bc3c8ef3b8f5dfcf3ccefc33bde3fe763c90b2edbcf1d5a3bc590384bcec451dbcac15e3bcc9cc993d7800403d4df0363d34423dbd72f5723d7cffafbd97658ebc193f013ebcde6bbd7a7816bbc7a9433da87418bc8deeaa3b2f0f54ba6bceee3c339151bdae4e7b3df3b22ebbb7bdb73babfe8d3983899b3d64142f3dfcac363d728fb5bdc36981bd7efe8939c88367bc07a0983c0356673dce2dcc3dcf1fe13bc66a2fbc8474973bbcc208bdcde103bdacf1973c5e8f4fbdbba587bcf15b8c3b64966d3c16f22fbcfdad4d3c1ff9e23cb8c607bc9f58f53c63b748bde6dc593d14ab993bc46a943b4f8e27bd8c0d833cf14e343d447f413d086ea8bc05d5113d9083a0bc0e331bbd8084f23c6f85ceb98e58c7bd31438bbb1afb53bde16d13bd858da1ba62ad3cbbf62daf3cbead9cbca5ea4a3c7692633c16cd23bdd6e25c3b02e9383d229f793db5f1253dec665b3d03efff3c3c30193d4b10f73cd9f116bd0fc67abcf036c43c503c883dca2e673d9c254e3c58f8cb3c4dea283d7569b2bd89950cbd220f213df93bd3bc0475433dc1d1e63b1120ad3d318f883cb9c92bbdc44f783dac580a3dfe5ad0bc4134b1bcdda8153a2eea893c95639abd12db8dbc49398b3d612e12bc7765493d0ff4d5bc4630e2bcc5577bbb4826a13c60479c3c60c74bbc7e7d003c9a17a3bd68b58bbd7504a8bc5fc4bf3b8a99983c7b4f91bc258390bde7eb20bcbc9b8ebb5ca90abd439ef63cfcf1823d7fd22abd49d73c3d121638bd362f71bd9f1ac33c9dac56bde2a1b0bd33e46bbcbf0d3e3a68a98a3cc387bbbcfc3d653ddec7ca3d8746b0bb1642b43d7c374cbd1979793d9a64873d, '2025-07-21 09:17:21'),
(23, 'USER_686a2f07b45002.32463636', 0x671fbabad49c7abb839582bc5c505b3d04771e3dfdf9e43b553636bdd313593d8c663ebd370fd53bd1308b3d46ff923cc67998bd7cf459bcbb7b33bdb13c7c3c312f8cbdfa643d3d806bde3c3565a4bce57d9cbd64382ebdd4f1763cdc9fd3bc2dcb483d0d7174bc1fcbfc3c3e1e29bdcbfebb3c4451073c0201c5bd1e93b9bb23f51abdba1bb53c6e364d3d49f19e3dc5e28ebcdeeca7bcf25f8fbd6e94c63d46e608bd22e1b43c15cb793c9a3270bbfd2ce8bc9083bcbd5ca7803bd77623bc8a9691bdae76c0bd768bcebcd4dd78baf070aabc6521e7bdf2cfbf3d4d80d53b7e0fa83bb7737a3ddb3b13bd8228863cff4b02bd280340bdff3d3b3dfde8613d5a01843d2c55133d8995ec3c0ab427bd3bd7513cef0b98bd4ec38ebd69ae443dd5dce83a7ba105bc91162c3c6ac407bd66ff1fbd5ec2663c7c87783dae8252bbf0a80f3df519b8bc4c7a2cbc13fd2dbdd0883c3dd4f5033d6db7613d708bf0bcd57e8dbd591db03cda0accbce09ca1bba3faa5bca728613deec3a6bb0689b83d7e74bdbc23f86e3de0771fbd4a4b74bbdd8194bdccb2d9bca2ee0dbc9dd0333c8d2d73bd1f4b393c3e001dbd78bc9abc762688bd9ca23cbd851c1abde5762ebd70a163bd0a98193b438e93bc3aca6b3dba44233c4652583d32f8b4bd27bd00bc053867bb2af8273d0eab8a3c0343a6bceb14503df0b670bdf3e8ff3c9246cb3d5950cdbc16c6883a85a8bd3cb414153b6dff483c2a12afbbb26b4e3df10c243dbd70f4bda7e533bda8a228ba952f11bb8c40bebb9408e33df78f5ebd313602bda655673d9df7bebc3ff0b8bb23783e3cc5e308bd03f2753bfe86f33caf1196bdaf3d01bec286323c9487bf3c782aed3c15f8c43d3151d73c35c34abd8ba2e3bc64674f3d258e15bd86881bbd85fc5a3d5197a23d8bfe86bc7e165ebd20b3233c44f9c6bdeaf917bc2a562cbddd282fbcb39fcf3a30c2aabdaede88bd7919173d8d0f26bd8a07c83bec2ff8ba8d1e29bd694b23bd03bfabba102db1bcf10334baeaa417bd02ea20bdc04976bd5e1f2e3d794f753c8989b7bc8b3663bdddccd93cb7ac4a3dd9aa463b936f803d2f2781bcf8b32fbc55a7893decf43d3b3ac03b3ddf44e2bc5d4e05ba15795a3c427a053de2d0153df85cc3bd46c448bdba4db73d7acf8c3d40e2c93ca78bbbbb4faed0bc7d7c913dc42df53c6effc83c13b9a53c77308f3cd75f70bdea3bf4bc8d5e113bebbf673dc722b23cb651ffbbc311af3d4cc93e3d64e566bdcde4213cf9ebe4bb483a86bd61e8013d7357783cface153d4398933c1b3a2cbcb1a9febcb1012e3c8451a03cd5c8803db00c463dc994debd2e8bf8bbd2ab923de23209bd64aeb3bcc9d6823cdca16b3d31dd233c267aa43c3338063c16fc5ebcc5d2063d645718bdf57834bd02531d3d450a393d11331ab917201abd4fca76bd6520cb3d901d02bd9345ca3d3624603ad4dbe3bc8411e73bebe5db3c5ac6e93b14fba0bba3a3eabcc4b2bebc6ce6783d287990bdb602e0bc8edae83bbb5227bc23ca733ccc93ff3d77a8223da3fb7fbdc5959f3d90b0143d77e6ae3cacbd8b3d937a3e3c5cec063c31c1273d78592a3c4853353cc791273de56a66bd335d8c3c3cc7debdfebfcbbc9e2bb23d51b3133cdf8491bc2d9413bd8208ad3cf25fb23d9db0eb3cd44634bcf78684bde7599b3a2047643d956aa03d94fd903d57dd35bd2b6cfd3c345c2cbd6c999c3b513a1c3decf2633c762db7bd650e4bba1bca623d611faabc315ced3c4e21cfbaa5fad03ca98e813c007b393d5cd691bbaf5817bbf4cd033dcf1da53cb37bc23cd83ce9bcbeb361bc89b8c13d28782bbc4f965a3d29fd693d3f7f863c17131abd3755f23cf2353e3d320dcfbadcce42bd928425bdefc87fbb17d1a53bf910953c5567823ad6ee263d080b52bd4e994bbd4d571fbd1e7e2dbd4971213d619a6cbbb5b332bdaa7013bd252d1cbb1a47323dca4717bbf616243df1a28e3d08f364bd6361d6bc6768433d8cece6bb2985f3bb91fbff3c212333bdb3fbaa3c51eda3bccf44a6bcf6e4a8bc368b26bcbd3095bc5a02963d0167223dfe784f3d01c54dbd15e03f3d3ee299bd2466bcbc6f93033e511967bd1d05eabb8720383d5181dc3ade090d3c602d093ccb1ab33cbba66fbdfb11533d394e00ba4cd67d3c1347873b6926973d63f22b3d6fdb353d5ef6d4bd54d04abde1e0dfbb4956ecbb8ba7a83b9aa5643dc3b0bc3dbdcee03bbc1d03bca8bd43bb8bdc92bcb8b408bdd471433dbdf738bdf19ce1bc37b0963b63aea03cb7356abcbfb9383c96f9f03c986581bc04aaef3c865520bd02bc543d7d09b13bcdaedf3b6a842abdc7f3cb3b6fc6303dde692d3db5845cbca3f20f3d514975bc3be806bdf87d3e3d9f6b1d3c88dcbebd8d4a84bc1f7866bd066914bd26ff92ba0fc671bc8ccbdc3c18f5abbc83448ab99a089f3b34dd49bdbc202a3a9bb91a3d4fea803d74770a3d5179423d761bd33c56130a3d1adab13c94e9e0bc281569bbb832fb3c90058b3d46e6843d4bc4a13c0a9d843cf941173d6d46b2bd24d017bd5824de3c02a42ebc02873b3d18004dbb0915a73df43b853cd22516bdf9658b3d0e19353dd46e0ebd152ac3bcca0a8cbb1a9c813c595ab0bdba526ebc4df4813d27742c3bd1031f3de7b5a6bcc1e302bd74f48d3bf5d56e3c5e4ce43cd439a8bb30ab2bbb4294a8bd5d2482bd63e4afbc7fe16d3bf0a16c3ca183e3bcceaa71bd22092ebce6a7373b4913e6bc49691d3dfe8b813d6c0856bdea693e3d8e1728bdadc34bbd0011b93c80f24abd08d6bfbdfaf903bcbac8783cab13773cb7badbbca5ba833d8fb3e13dafd173bb7e9a8f3d76ae21bdac35893d23c4983d, '2025-07-21 09:17:21'),
(24, 'USER_686a2f07b45002.32463636', 0x1507f83ca0d76e3a99a566bd49fd243d0d925d3d9732883b8495dbbd66e0853dabd949bc0a68b03cd8af803d1ee7733c835d64bd168581bc88869bbcd1bbd23c3560dfbc3b59743d5fa002bd68defd3b296e92bd10e663bd05c8d93cdcdcac3b56e502bd5965fa3b87d7e13b3391c6bc2d46c53b1f4e193c9d1e90bde602dd3cb9a053bcab4cf73c8c7afd3d1e3ec13c1cb76bbdf3ee5abcab3b21bcff3b1e3de5705e3a2e22c23c1c849abc6f5170bc7a5a6cbdbd27dfbb58bb38bde158e8bc6ac6eebc69d6adbd6b793a3d9ad95f3c4d3c86bc8b9ac8bd14e5c63d205b673d3fc1af3b8625923b843ac5bc2d6525bc2aac9fbdb25b84bdad20f03b9a2a75bcf566ed3c36b6d23cd359a6ba349ea0bd13a807bc99fdb9bd2e3688bd7d6ecf3cf3b7b9bb832f9cbc9a0fb53c49bd01bdf398dbbc5c602f3d573c043d442b52bb2112253dde0103bdf4d23bbd8dad56bd6ad7013c83bf8dbcd016ac3c06e99d3baa67bdbd4a59f13b4c5aa8bc490d1e3c6716ddbc1b19093ceb8538bc8d4a7f3d787909bd71a9fb3d5f5798bdbc495c3d43502fbdd52a65bdb0309c3c4823723a0f30b5bc86210cbdb730b6bcc379a9bd4fc04dbd558e89bd9f86fcbcf8bd87bd80ab5cbca704a6bced65223ddf13c23dd68d6ebc547bc33cf5302bbd53b0a9bc250eb0bc5af3343dde00f03c9d5b6fbc400a2c3d2ae890bd63aba5bc1183353d351dd0bdf2568a3cdc3f023d09b6623d6f8d3f3d05a430bdd0339b3c5c99583d2134b2bddf8f56bd04d10dbc0c96793c15dc003c553c823d13c656bdfb9f743be84a593d893017bc7f75b7bcdd69c2b954be30bd6b65453c6cb4a0bc0d4287bd6be5a7bdec51b43cbc7b883a1bc8b5bacac80c3d2b81923c1daea7bd3a621dbdc97eb13d88fec53ccbb29bbdce71703d96a6933dc6789dbcf57506bd331ff7bccc502dbd0cdb92bbe74255bd74e8f63b874f8e3d988c93bd29e547bc0363453d26756abcdacffdbcf923c43c64a5f5bbd75191bcd65834bcf8f5713d31ea08bd8f1e22bbbcec19bdff3f53bcd07d363db861213d5f14fdbc3a8e11bdb3488ebb0249e03c1873243d7a62893d46acb0bcce23e1bcac6a10bc3f8ace3c67c9063d45a3a2bcc6de2cbd001becbc355edabb3deace3b75809bbdff5751bdb9e0ca3d8fa6303d64a6cf3cc132223d19b3213da3382e3d1861d73c7764f63c33d83b3dc889e43c11d7b0bde3e045bdf07a3c3c4d24513d260c10bd95b07a3c6df8bc3d24f2d73c8e9a913cad3b563cafbdf33ab2de9abd831e1c3dffad83bb742e6abc349f583c83d69ebc6240333cb73d1d3cd733093d007c673de878bc3cbbd388bda5603c3cbb78853d0bacc9bc7622f5bc67eb20bc14b32e3dd279a63ca248873ced2e1bbc5c61c7bcd857b73dadde9ebcd096acbd52a058bc6493343d83514a3d9c2da0bc19c6523cd75e6a3d1db906bc6b1e743d7326993c6cf1013d5537013d34ebd13c59b5733d2e653dbdf48a55bd0b0391bd9ba5293d1cff96bd8945cebc4d95863ca7db1bbd44432fbdd6c43f3c3f09c13c1033b9bd809ac43dae62653df37a36bb7c77b83cce7bde3c6cd2f2bc932300bd4766853dfeaf113db2fb643da73453bdacd2b83cefa9cfbdbfa3d63c9b2d603d07a98d3c41fcf4bc6e9238bd92572c3dd0a5473dee8f623c1b59e83cb9b8c2bdf820933c9ab9c7bb0bf78b3df755823de0d989bd943f5f3daeac25bde71fcd3bc8d21f3ce3d538bc37c2cfbd42c950bca7c4453d4134523c1d8e4dbc210b97bbea50ee3c5b43083d960c6a3bfd25c0bc67bad93c29223c3c19be8b3d11b82abd78ed36bd46219ebcdfca7b3d6a23b6bc71e65f3de266363cfccd713dee2292bb7a3498b9a54d783d27af7cbb1b9385bd0feb41bd332b003d0ceda1bc922f363d22532cbd69ec9d3d27366bbc61ff97bdb6a692bcf041f8bcb3df2b3d6cf0913cfe21a5bc0fb161bcb17e613c555c1f3d8a4f9a3c22bcfdbc5f64fa3d1d9471bdbaa118bd4410053d532850bdab2124bd10e7553c483b56bdd431893db4fab5bb4e56963b2664e9bc38a7393cc424dfbcdfed803db2defe3c8635333daf3ae9b99bffa43d4f5165bdd27cf53bfb09df3d73e612bc8c1719bc55f4f03ca9d9e1bcf10d76bd6494dabc2e79c73c8e2950bd6d07a63d85796ebd6bd9423c2675d23b3490413d7ef45bbc8174bc3d307694bc3083aabd9afd8ebc4ee0473c8e0d023d1ca0fd3cf6d9a93d1ee9f33c403940bd92b5a03c745f243ccaed873b61f2c53cc68384bc4d6ad5bc1284c4bb00a93ebac84e203d636e753b8316b93cd14a283ccb601b3de48bd0bd4c12943d2eb0d2bc1568e93ab4cf92bdc04c193da4cd053d0806df3b6f1eb9bc4f16ac3cdd51e2bce685d3bcaa610e3d1f8540bd2934a2bde5afc6bcb8fbc7bd61b6e2bc8fe12e3d6985b73c428c9cbc9b3b183de6ceb93c6195003df87635bd4ef310bcbf5f773dbba2523d35cc133d5c7a903de2e1fd3c81c5453c1f45353d7161a7bd299aabbd99d981bc7668813d2cd60b3d955a5a3c830cbc3cad80803c0f3bb3bd8f30bebc1200a53d3a4dfc3a84e0553d410c263d6bb8af3d7ee30d3de968c0bbf0015c3d77d34bbc0a70c73bf12ea73c65cd03bca7ee953b732d6fbdf58aa1bc82e7213d7a8d07bbbb44193d1db1953bed0621bd621fcebcca979c3cf492243c6b8a913c0ceab93ce2152abd7ac47cbd68b2513dae7c493db7a69c3c8ae384bdc3bc79bcfc5a50bcd4dc14bd0af4acbdca3de83c83613c3d91575cbd79adb43d58b50ebdc8ba8b3a9d2402bbfe1c1ebd38e0e2bdb1b4343c0fd389bc509c21bdc4466c3c68be263dc1308c3c01f4643c3ba3a43d78c467bcf96be63ca958593d, '2025-07-21 09:17:21'),
(25, 'USER_686a2f07b45002.32463636', 0x671fbabad49c7abb839582bc5c505b3d04771e3dfdf9e43b553636bdd313593d8c663ebd370fd53bd1308b3d46ff923cc67998bd7cf459bcbb7b33bdb13c7c3c312f8cbdfa643d3d806bde3c3565a4bce57d9cbd64382ebdd4f1763cdc9fd3bc2dcb483d0d7174bc1fcbfc3c3e1e29bdcbfebb3c4451073c0201c5bd1e93b9bb23f51abdba1bb53c6e364d3d49f19e3dc5e28ebcdeeca7bcf25f8fbd6e94c63d46e608bd22e1b43c15cb793c9a3270bbfd2ce8bc9083bcbd5ca7803bd77623bc8a9691bdae76c0bd768bcebcd4dd78baf070aabc6521e7bdf2cfbf3d4d80d53b7e0fa83bb7737a3ddb3b13bd8228863cff4b02bd280340bdff3d3b3dfde8613d5a01843d2c55133d8995ec3c0ab427bd3bd7513cef0b98bd4ec38ebd69ae443dd5dce83a7ba105bc91162c3c6ac407bd66ff1fbd5ec2663c7c87783dae8252bbf0a80f3df519b8bc4c7a2cbc13fd2dbdd0883c3dd4f5033d6db7613d708bf0bcd57e8dbd591db03cda0accbce09ca1bba3faa5bca728613deec3a6bb0689b83d7e74bdbc23f86e3de0771fbd4a4b74bbdd8194bdccb2d9bca2ee0dbc9dd0333c8d2d73bd1f4b393c3e001dbd78bc9abc762688bd9ca23cbd851c1abde5762ebd70a163bd0a98193b438e93bc3aca6b3dba44233c4652583d32f8b4bd27bd00bc053867bb2af8273d0eab8a3c0343a6bceb14503df0b670bdf3e8ff3c9246cb3d5950cdbc16c6883a85a8bd3cb414153b6dff483c2a12afbbb26b4e3df10c243dbd70f4bda7e533bda8a228ba952f11bb8c40bebb9408e33df78f5ebd313602bda655673d9df7bebc3ff0b8bb23783e3cc5e308bd03f2753bfe86f33caf1196bdaf3d01bec286323c9487bf3c782aed3c15f8c43d3151d73c35c34abd8ba2e3bc64674f3d258e15bd86881bbd85fc5a3d5197a23d8bfe86bc7e165ebd20b3233c44f9c6bdeaf917bc2a562cbddd282fbcb39fcf3a30c2aabdaede88bd7919173d8d0f26bd8a07c83bec2ff8ba8d1e29bd694b23bd03bfabba102db1bcf10334baeaa417bd02ea20bdc04976bd5e1f2e3d794f753c8989b7bc8b3663bdddccd93cb7ac4a3dd9aa463b936f803d2f2781bcf8b32fbc55a7893decf43d3b3ac03b3ddf44e2bc5d4e05ba15795a3c427a053de2d0153df85cc3bd46c448bdba4db73d7acf8c3d40e2c93ca78bbbbb4faed0bc7d7c913dc42df53c6effc83c13b9a53c77308f3cd75f70bdea3bf4bc8d5e113bebbf673dc722b23cb651ffbbc311af3d4cc93e3d64e566bdcde4213cf9ebe4bb483a86bd61e8013d7357783cface153d4398933c1b3a2cbcb1a9febcb1012e3c8451a03cd5c8803db00c463dc994debd2e8bf8bbd2ab923de23209bd64aeb3bcc9d6823cdca16b3d31dd233c267aa43c3338063c16fc5ebcc5d2063d645718bdf57834bd02531d3d450a393d11331ab917201abd4fca76bd6520cb3d901d02bd9345ca3d3624603ad4dbe3bc8411e73bebe5db3c5ac6e93b14fba0bba3a3eabcc4b2bebc6ce6783d287990bdb602e0bc8edae83bbb5227bc23ca733ccc93ff3d77a8223da3fb7fbdc5959f3d90b0143d77e6ae3cacbd8b3d937a3e3c5cec063c31c1273d78592a3c4853353cc791273de56a66bd335d8c3c3cc7debdfebfcbbc9e2bb23d51b3133cdf8491bc2d9413bd8208ad3cf25fb23d9db0eb3cd44634bcf78684bde7599b3a2047643d956aa03d94fd903d57dd35bd2b6cfd3c345c2cbd6c999c3b513a1c3decf2633c762db7bd650e4bba1bca623d611faabc315ced3c4e21cfbaa5fad03ca98e813c007b393d5cd691bbaf5817bbf4cd033dcf1da53cb37bc23cd83ce9bcbeb361bc89b8c13d28782bbc4f965a3d29fd693d3f7f863c17131abd3755f23cf2353e3d320dcfbadcce42bd928425bdefc87fbb17d1a53bf910953c5567823ad6ee263d080b52bd4e994bbd4d571fbd1e7e2dbd4971213d619a6cbbb5b332bdaa7013bd252d1cbb1a47323dca4717bbf616243df1a28e3d08f364bd6361d6bc6768433d8cece6bb2985f3bb91fbff3c212333bdb3fbaa3c51eda3bccf44a6bcf6e4a8bc368b26bcbd3095bc5a02963d0167223dfe784f3d01c54dbd15e03f3d3ee299bd2466bcbc6f93033e511967bd1d05eabb8720383d5181dc3ade090d3c602d093ccb1ab33cbba66fbdfb11533d394e00ba4cd67d3c1347873b6926973d63f22b3d6fdb353d5ef6d4bd54d04abde1e0dfbb4956ecbb8ba7a83b9aa5643dc3b0bc3dbdcee03bbc1d03bca8bd43bb8bdc92bcb8b408bdd471433dbdf738bdf19ce1bc37b0963b63aea03cb7356abcbfb9383c96f9f03c986581bc04aaef3c865520bd02bc543d7d09b13bcdaedf3b6a842abdc7f3cb3b6fc6303dde692d3db5845cbca3f20f3d514975bc3be806bdf87d3e3d9f6b1d3c88dcbebd8d4a84bc1f7866bd066914bd26ff92ba0fc671bc8ccbdc3c18f5abbc83448ab99a089f3b34dd49bdbc202a3a9bb91a3d4fea803d74770a3d5179423d761bd33c56130a3d1adab13c94e9e0bc281569bbb832fb3c90058b3d46e6843d4bc4a13c0a9d843cf941173d6d46b2bd24d017bd5824de3c02a42ebc02873b3d18004dbb0915a73df43b853cd22516bdf9658b3d0e19353dd46e0ebd152ac3bcca0a8cbb1a9c813c595ab0bdba526ebc4df4813d27742c3bd1031f3de7b5a6bcc1e302bd74f48d3bf5d56e3c5e4ce43cd439a8bb30ab2bbb4294a8bd5d2482bd63e4afbc7fe16d3bf0a16c3ca183e3bcceaa71bd22092ebce6a7373b4913e6bc49691d3dfe8b813d6c0856bdea693e3d8e1728bdadc34bbd0011b93c80f24abd08d6bfbdfaf903bcbac8783cab13773cb7badbbca5ba833d8fb3e13dafd173bb7e9a8f3d76ae21bdac35893d23c4983d, '2025-07-21 09:17:21'),
(26, 'USER_686a2f07b45002.32463636', 0x671fbabad49c7abb839582bc5c505b3d04771e3dfdf9e43b553636bdd313593d8c663ebd370fd53bd1308b3d46ff923cc67998bd7cf459bcbb7b33bdb13c7c3c312f8cbdfa643d3d806bde3c3565a4bce57d9cbd64382ebdd4f1763cdc9fd3bc2dcb483d0d7174bc1fcbfc3c3e1e29bdcbfebb3c4451073c0201c5bd1e93b9bb23f51abdba1bb53c6e364d3d49f19e3dc5e28ebcdeeca7bcf25f8fbd6e94c63d46e608bd22e1b43c15cb793c9a3270bbfd2ce8bc9083bcbd5ca7803bd77623bc8a9691bdae76c0bd768bcebcd4dd78baf070aabc6521e7bdf2cfbf3d4d80d53b7e0fa83bb7737a3ddb3b13bd8228863cff4b02bd280340bdff3d3b3dfde8613d5a01843d2c55133d8995ec3c0ab427bd3bd7513cef0b98bd4ec38ebd69ae443dd5dce83a7ba105bc91162c3c6ac407bd66ff1fbd5ec2663c7c87783dae8252bbf0a80f3df519b8bc4c7a2cbc13fd2dbdd0883c3dd4f5033d6db7613d708bf0bcd57e8dbd591db03cda0accbce09ca1bba3faa5bca728613deec3a6bb0689b83d7e74bdbc23f86e3de0771fbd4a4b74bbdd8194bdccb2d9bca2ee0dbc9dd0333c8d2d73bd1f4b393c3e001dbd78bc9abc762688bd9ca23cbd851c1abde5762ebd70a163bd0a98193b438e93bc3aca6b3dba44233c4652583d32f8b4bd27bd00bc053867bb2af8273d0eab8a3c0343a6bceb14503df0b670bdf3e8ff3c9246cb3d5950cdbc16c6883a85a8bd3cb414153b6dff483c2a12afbbb26b4e3df10c243dbd70f4bda7e533bda8a228ba952f11bb8c40bebb9408e33df78f5ebd313602bda655673d9df7bebc3ff0b8bb23783e3cc5e308bd03f2753bfe86f33caf1196bdaf3d01bec286323c9487bf3c782aed3c15f8c43d3151d73c35c34abd8ba2e3bc64674f3d258e15bd86881bbd85fc5a3d5197a23d8bfe86bc7e165ebd20b3233c44f9c6bdeaf917bc2a562cbddd282fbcb39fcf3a30c2aabdaede88bd7919173d8d0f26bd8a07c83bec2ff8ba8d1e29bd694b23bd03bfabba102db1bcf10334baeaa417bd02ea20bdc04976bd5e1f2e3d794f753c8989b7bc8b3663bdddccd93cb7ac4a3dd9aa463b936f803d2f2781bcf8b32fbc55a7893decf43d3b3ac03b3ddf44e2bc5d4e05ba15795a3c427a053de2d0153df85cc3bd46c448bdba4db73d7acf8c3d40e2c93ca78bbbbb4faed0bc7d7c913dc42df53c6effc83c13b9a53c77308f3cd75f70bdea3bf4bc8d5e113bebbf673dc722b23cb651ffbbc311af3d4cc93e3d64e566bdcde4213cf9ebe4bb483a86bd61e8013d7357783cface153d4398933c1b3a2cbcb1a9febcb1012e3c8451a03cd5c8803db00c463dc994debd2e8bf8bbd2ab923de23209bd64aeb3bcc9d6823cdca16b3d31dd233c267aa43c3338063c16fc5ebcc5d2063d645718bdf57834bd02531d3d450a393d11331ab917201abd4fca76bd6520cb3d901d02bd9345ca3d3624603ad4dbe3bc8411e73bebe5db3c5ac6e93b14fba0bba3a3eabcc4b2bebc6ce6783d287990bdb602e0bc8edae83bbb5227bc23ca733ccc93ff3d77a8223da3fb7fbdc5959f3d90b0143d77e6ae3cacbd8b3d937a3e3c5cec063c31c1273d78592a3c4853353cc791273de56a66bd335d8c3c3cc7debdfebfcbbc9e2bb23d51b3133cdf8491bc2d9413bd8208ad3cf25fb23d9db0eb3cd44634bcf78684bde7599b3a2047643d956aa03d94fd903d57dd35bd2b6cfd3c345c2cbd6c999c3b513a1c3decf2633c762db7bd650e4bba1bca623d611faabc315ced3c4e21cfbaa5fad03ca98e813c007b393d5cd691bbaf5817bbf4cd033dcf1da53cb37bc23cd83ce9bcbeb361bc89b8c13d28782bbc4f965a3d29fd693d3f7f863c17131abd3755f23cf2353e3d320dcfbadcce42bd928425bdefc87fbb17d1a53bf910953c5567823ad6ee263d080b52bd4e994bbd4d571fbd1e7e2dbd4971213d619a6cbbb5b332bdaa7013bd252d1cbb1a47323dca4717bbf616243df1a28e3d08f364bd6361d6bc6768433d8cece6bb2985f3bb91fbff3c212333bdb3fbaa3c51eda3bccf44a6bcf6e4a8bc368b26bcbd3095bc5a02963d0167223dfe784f3d01c54dbd15e03f3d3ee299bd2466bcbc6f93033e511967bd1d05eabb8720383d5181dc3ade090d3c602d093ccb1ab33cbba66fbdfb11533d394e00ba4cd67d3c1347873b6926973d63f22b3d6fdb353d5ef6d4bd54d04abde1e0dfbb4956ecbb8ba7a83b9aa5643dc3b0bc3dbdcee03bbc1d03bca8bd43bb8bdc92bcb8b408bdd471433dbdf738bdf19ce1bc37b0963b63aea03cb7356abcbfb9383c96f9f03c986581bc04aaef3c865520bd02bc543d7d09b13bcdaedf3b6a842abdc7f3cb3b6fc6303dde692d3db5845cbca3f20f3d514975bc3be806bdf87d3e3d9f6b1d3c88dcbebd8d4a84bc1f7866bd066914bd26ff92ba0fc671bc8ccbdc3c18f5abbc83448ab99a089f3b34dd49bdbc202a3a9bb91a3d4fea803d74770a3d5179423d761bd33c56130a3d1adab13c94e9e0bc281569bbb832fb3c90058b3d46e6843d4bc4a13c0a9d843cf941173d6d46b2bd24d017bd5824de3c02a42ebc02873b3d18004dbb0915a73df43b853cd22516bdf9658b3d0e19353dd46e0ebd152ac3bcca0a8cbb1a9c813c595ab0bdba526ebc4df4813d27742c3bd1031f3de7b5a6bcc1e302bd74f48d3bf5d56e3c5e4ce43cd439a8bb30ab2bbb4294a8bd5d2482bd63e4afbc7fe16d3bf0a16c3ca183e3bcceaa71bd22092ebce6a7373b4913e6bc49691d3dfe8b813d6c0856bdea693e3d8e1728bdadc34bbd0011b93c80f24abd08d6bfbdfaf903bcbac8783cab13773cb7badbbca5ba833d8fb3e13dafd173bb7e9a8f3d76ae21bdac35893d23c4983d, '2025-07-21 09:17:21'),
(27, 'USER_686a2f07b45002.32463636', 0xb2cb2a3b10b32abce16feabc21e4503d1556ec3cb98fca3af6bd46bd65b9523d99fe27bd7123763c87527d3d2de19c3c6ce88dbdb3ac97bcf4b809bd5fe7ea3cff0784bd4675423d0dc9ba3c6c85b5bc26899fbdad4605bd2ef8843caa8abfbb4425273de613ba3ae61dae3c4fa41bbd67beea3c1248d2bbe265c4bd0b16ef399abfd9bc6442b83c276e683d5f1e5d3dacaabebcde6fa4bc330f81bda441d03da44902bdf126dc3ca50c793c57a9853c088b14bde13ec9bdd3be093c682f8dbc2ba388bd47b1dbbd5e1195bcfbe589bb993d05bd43d1e0bdc108b43de794693b86aa15bc3d582e3dc1aababc46ec973c8d3e33bdd80740bd389b2a3d81d7573dd95e723d0808233d63758c3cb9f432bd84e05d3ca79b9fbd67f782bd3602723d750240bcae8d83bc87a81f3b99a125bde1652dbd6ba8e33c19987d3d9eb1ed3a82e5d83c7f13eebc48ada1bcbee93bbd5efa4e3d1f921e3dcbde4f3d13df01bd370293bde727a33cbb9500bdd2503cbb428f83bc7db9443df35f06bc17bebd3d3f08ccbcd43d6f3d4fe244bdbebb123c6f2d92bdefb9fdbc9834b3bb3b53b13cd40f68bd2e600e3c3e3520bd27d367bcc6c97dbdf5163abdaf8d27bdda5245bd4f466abd47501abb955ce4bbd0a2513dfb51863b38f7473db55795bd4c7e28bc6ae7adbbb489193d1410a43cea8804bdc54d743d7e8042bd05d4013d60c9e23de7a9cebc125acb3b85c8c03c38d97b3cb1174c3cc3517ebc92c31d3d6516e63c8a3eefbd4ed635bdd3196d3c6fb202ba5dd122bc853dc23d016e09bd057707bd27c7573d576a98bca7b9a93b22230a3c72e538bd188191b9076f5d3cdfacaabd03bdf6bd4f0e9b3bf8f4fd3c5debc23cd8dad93d1fa6cd3c19865ebdd2c944bd73eb403dc329eabce79c3bbd60057c3dd4b0923defba33bcea685fbde5835e3cee48c5bde3002039dc8f46bd3c1c98bc93db993b50c79fbda4ae78bddfdc2c3d145f3abdd7f6123b8f5b80ba11cbcfbc90bef2bcc2a751bca9f71cbc344bdfbb5bec0dbd9ec531bd3a1483bdcfef0d3dc05c593c03b3cbbc34ea86bda837e33cf6220b3d7f4a2a3ceba47e3d4731edbcec15f0bc688d8e3d448eefbaaafd7b3daf7ca8bc71e021bc3660203c40040c3d6647e43c9f7cd0bdb35a5fbdf356c53d100f843d2085dc3c7a47163cc70514bc22fe803d9e60e43c9cebd73cb186bb3cd98b9f3ce17590bd20d6dfbc39fe92ba901a953de542e23c6f9e733ae8a1983df483493ddd3780bd2d5e06bc4bf0af3a1f2c93bdf36cb43c48c0383c0c32403dca49ad3c3e16d73bb8980dbdcf365a3922e7ef3c87e3693df66d1c3da1b5bbbd3e99e33b4454a63d0e2415bd506cdbbc91f2f63b056c8a3dacd88b3c496c003cb0809a3cf9d7e3bbc646e33c621041bda9e94fbdeb252f3c0fb6203dbb0e083be5ba2abdf1dd76bd0cd59d3d416a07bd8fabd13d470034bbade3febca83dad3be5672e3c5deb003cfee72ebc69ef1bbd6877b9bc2a56423da6d9adbda295adbca9da0a3cd70a7a3b85f4433a34e0e53dfe26953c3b8788bd77f6b63df02db53c8ed91b3cfeeba33d732a4d3cdacb7c3be56c093d9ab8273cf3d7b13cbb0b353d070274bded3aa03c00a8c5bded44b8bc83cbbb3d6e46bc3b42ce7cbc81981fbdc934de3cda49973d3fab1e3d00268bbc4e8479bd42bef83bb7a64a3d2a53983ddf3e913d1ad026bda739143d375433bd98bf763c4ba1f23c541a76ba403ac4bde94e223c3bc8783dd0750bbd8ca38c3c6488fa380781d53ca4480a3d289e453d7bf70fbb3495d83bcb12d63c3b879d3cb017033c7bbcffbc61aab2bc526ab43d0ab1babcd85b823dc781483ddb3ebe3ceca8c7bc6a5e1c3d8ebf583d1935b8bb90b647bd6da13ebdb4afd1bb244cd63b6cb25d3c8faaa0bb875f3d3d092059bd991848bdaaa023bdf91520bd63423b3dfc9a88bac49752bd70f804bd4beb1f3c3dc1153dcbc3263b0b78f83c3d4a9f3d916f98bdd30006bdb5dd363ddd2f98bc621dc6bb5c0c0d3dcb7815bdcd49833c094299bc40858abc104b3cbc088fd5bb7359d4bc661ea33d3cbb383d82aa273df62c29bd90556b3dabc7b7bdaf9673bc4756f93d873574bdcde2c8b9c938263db1a585bb239ca63b1a4b20bbda4ea23c941d5fbdf4ef713d8c8cb9bb225b723cd2d3603ac732983ddb44163d81c32c3d53a5b0bda1698ebd363f953ba89222bc306f9f3cccb8803da384c73d5c46043c30da6cbcc8a2e6bb91f4edbc2f9adbbc7a9fbe3cc0ad40bd82c18ebc4fc1943b0d1ca33c74a300bca11c6e3c23e2e53cf35400bbdc35123da4fa43bdd328473d0523a83ae0904a3cdd6729bd2e086b3ce358403d90672e3d7b56c2bc7e703c3d71aa65bceb9835bd86d3123d521eec3bd999c6bdc2cb58bb4bc140bdccc40bbd24e8e4bbf116efbbdcdd023deab4a7bc0fcc7f3c0994463ce7311ebd8a6bf03b4d2e353d653e6b3d9d594b3d2b85513da98b193d91e4233db5270e3d2ef206bdbe5e6ebc2a4a163d97325f3dff8d8d3d12a53f3c8f1d733cef960e3d78f1bcbda67e36bd893a293d089af8bc4732363d7ccaef3b4878be3db76ac23c38ae1abd60087f3d15f30e3db91fd3bc45fb83bc622d31bcbc6f863c6cae9dbdf91aa6bc06f2903d3a2c09bc348a213d6668a5bc473cafbc0a6294ba06959a3c9687eb3c31009ebb3b3a4ebbdf5394bd8c0183bd9114a0bc9d3a113b9c5e993c144ca3bc576689bd3f27bcbb0ce4a23b79b613bda02ce23c99f2763dd06935bd828e5d3d10872bbdc2975cbd23929a3c73ee6cbdd940c3bd8f6f27bc3378a5ba3d93253c5eb552bcb18d7b3d819ec23d7b64b9b96309973d23e459bd4d6d843dd914933d, '2025-07-21 09:17:21');
INSERT INTO `face_embeddings` (`id`, `user_id`, `embedding`, `created_at`) VALUES
(28, 'USER_686a2f07b45002.32463636', 0x745e73bbb9da09bcef81ecbc9578453d131e0c3d10dbed3b240142bd4188393ddc6c35bdddef7d3ccf328c3d4f225a3c4f2b93bd8b9999bc168305bd856fe23cf80982bd88de513de2a4ec3cd663babc934a9cbdb76711bdbb92763cef90c7bb36a9253df8f88bbb6aefb93c2f802cbd51a4ed3cd39063bb67f1c9bd5650333b76c0fdbcb79abf3c9004533d5284693dcf79b0bcb238a1bcec7387bd2297d83da3c005bd677ddf3c7540103cf209193cb3bc05bd6540bebd85d0203c4239b9bc0c0289bd10f5dbbd7131b6bcd360e2bb931d11bd6776e5bd699bad3d6551a73b43a360bb4571323d9fdeebbcaed27e3c62582abd82d64abd2f0e3a3dc839613d550e6a3d76dc293d2c5ba93c2e8333bde5aa483c83bea0bd5a0f83bd54865f3d4ca45bbcaefe55bc31f9b53b807830bdaf732dbd0310ac3cfc137d3dbce511bb5662f83cebbcddbc910677bcc53f53bd9f14453d53f2173da359543d55d1f9bc834490bde9bd593cfcdcf5bc8b83e1bbd04858bce1ea543d5fdb10bc55a3b93d55f2c8bcd6e76f3d922332bdb594343ca1899abdf8a6f2bcb2ef9cbbe7fe993c10cd5bbdd98e033cd93122bd903b87bc31dd80bd4b7239bd1b9514bd9a063fbda1316bbd64b7b6bb018915bcccbc543dd002af3b48a53c3db76e9bbde59a40bca44088baff0b1e3dcb07933c15ebe4bc696c6e3d7e9347bd4679fe3c0170d63d8111eabc1c65b43b62db993cfa285d3ccc3e373c416955bc0cd13a3d0dfcfd3c35b1f3bddef61ebdff47123c974a433ac314bebbaed9d43d0ee714bd5e2a01bd30a95f3d760694bccc27a43bb75cd13bc4972ebd711badbb003fa13c72daa6bd1f15f4bdca11423b6881083d439bbd3c61a4cb3d38d7db3cecf848bd27343abdd303423d096ee9bcb7d546bd5e91783d7622943df8d4f7bb444152bd15322f3c8d72c5bd9b7ae3ba8b0756bd115a82bc793c8e38019f9dbdd36776bd365b153d14312cbd98ea8eb8484739bbb77feabc608906bd7cfc26bcd45352bc9bc2ddbb193609bd415c50bd8c7883bd7f07163d52ec8f3c88e1f0bcf2a68abd011f063d072d173ddd3c233c2035813d4953eabca4bbe8bc97f38c3d4d1e17bb90c97d3d8c90b9bc614ad6bb41ec853cd1d70e3d9a98073d044acabd89a94fbd0428c53da4e3813d74f7e83c3be2d33bbbb930bcab42813d4f1f0b3d9823dc3c1fa2bd3cb9c5ab3c075a8abd9b60e0bcf34d10ba72ed913d387cd73c70f2a9bbb0a89d3d2a884a3ddf617ebd157ca83ac67df539230b93bd594ff03c18cd163cc50a303d9935ac3c1b4a8c3be58216bd1cb829bbf129fa3c467e743d27d71a3d4554bfbd1ab870bac21f9f3df5701fbdae1dd3bcc478cf3ba435853d94d5823cf01fdd3b7cd19e3ce82e33bb5791ef3c7ed137bde7e437bdd257713cb34e113d2191353a25bc2abd733d76bd39a9a93d2b6408bda712cc3df8e645bb489b07bd7de3113cb34b6c3cc0e5033c2bf99dbb208211bdd84cb8bc383a403d70c3adbdba3aa3bca4e52c3c28f5d33b2592deb8dc60eb3d25d8a63cfdc890bde48ab83d8815c43cbc1e513cb490a63dc3cc6b3ce312853b538afd3cae40a83b3847b53c13f62c3dbd5368bd2192aa3cb050c6bdf86dcebc455fbd3de113f93bcb8a71bc2e2f0dbd3ee7ce3ce30a953d1b03243d0dcf1bbc973a80bd80973a3c0510413df6119b3db8eb933d45f521bd3b3a1c3d28de27bdc79c5d3c1b00023d170e0a3bfc50bfbd0b36f33b87fd7d3d1ee205bd24f39d3cdbe50e3b60c1a23c6a60043d21e02d3d182a76ba2790023c5ba7f93ce317bf3c098c523c9b29e1bce05da5bc71a9bc3d55b9c6bce32d7a3da3434c3d552faa3c8f5bcdbcb4930a3d238b663d88b4d8bb04e935bde0a349bd9bcbe7bb5cdc023c0470383c064c69bb200b383def0c56bd409352bdc5fe21bd7a0b23bddd85373d608c87bbccce4ebd18cee4bcdbec0b3c3b2d0e3deaa1c83bac70133dc5d39b3dfde88fbdc53c01bd9345483dfdcd96bc77c676bb7c92133d479038bd9646673cf3188fbc547959bcb39821bc76f00dbc730bd6bc7774993d68462c3d2a751b3d0ee41cbd3226763de8d7b8bd03569fbc362dfd3d72c376bd1aa432bbed73283d2d460cbc97be0d3c4be8a83abedcba3cd74d6bbdf0e2583dba7705bb18717f3c3f49953b55ff9c3dbd112c3db5f0293d20fab1bd27ff85bde69f0b3bef0901bc4340863ce5c8833dcef8c73d6110863bc04027bc2b901dbc212300bd560efbbca0c0bd3c591c3bbdcf7c8dbc7b26f23be4cc7f3c27bb30bc5d88863c03ebed3cdc03a7bbf979f43c25f54bbdef7e573d1c7db93b35102a3cf8b523bd3b667c3cc5dc403dfbb4443df6aedcbc5c724c3ddf4165bcacfc2dbdbb78353d720ed33b12e5bfbd524bb0bb4a3a2cbd99c515bd503e11bcead02dbc3783eb3cfc909ebc40ff743c7c61313c737b15bd961f21394ae5243daca57f3dff1b473dc4724e3d91090a3d1cb4113de66b0e3d681016bd78805fbc1d23283dd657613d1b8e973d32f6243ca8963d3c6cc8133d6c64b4bd7e0235bdd2621a3dcfd0cbbc65cf293d6b53f13a7b78b73d45eeaf3c3b0910bd050d7e3daab3093dde46c4bc7817b8bc7e343cbc0849623c8a78a4bdaa18abbc4498843dfb5504bcd2611a3d7a06a6bc79f5bcbcd138ff3a39b68d3c2858cf3c7531f9bb3344eeb9926b94bd170084bdd77ecabcda43ea3b4446893c6c33b3bc9a6d85bdad4201bc5378783b71cf26bd885cf53c165c7f3d1cef2fbdcc5f663d76b51dbd086456bdecc7b33c2bb25cbd7f24bebd8c4e28bce1dbc53b0fe9383c3acf88bc00c9773d43d2cb3daeab72bbfbf9933db28250bd5061853da5bf9a3d, '2025-07-21 09:17:21'),
(29, 'USER_686a2f07b45002.32463636', 0x56461bba42ec07bcb25bf0bc3334653d8f63f43c23b0a33b207e47bd7e40413dc5790fbdb8dfa03c450c903d8aa56d3c4dd699bdff06a3bc225c38bdc20b7b3c154196bd28ab433dfab2a63c1864b0bce5569fbd684a03bdc2e9ae3c01782dbbd8e12e3ded3e913b6a34de3c01c22abd72acf43c8e51593bb727c1bd5d4db43b123504bde1f9903ca481693dedaf693df5b79bbcd6e0cbbb94cc83bde428d33d1f1e08bdf72cf63cea20cb3cfaaf613ce0a80cbd161dcdbd10158b3bf981d3bc3fe671bd6e44dabdd4db77bcab0d86bbddc20bbd35fce4bdfccab03dbd544d3ad731f2bb83c14c3db5329abc51a1893cd12632bd6d423fbd986a3f3d8fea603df056643de426173dae67983cd2c527bdfa09d03becd699bd6b4b81bd5efa5b3d13602bbcd07c2abc34ad9fbb98e235bd1d1231bd248bcf3cf230613dae66a03a6d1c2d3dcd67efbc30fca2bc4fe33dbdce123d3dcd3a113d3142593df367d4bca81795bd5bced23cd810fdbcbd24f33ba08387bcebaa2f3d84ab00bc9870bc3d963fe5bc0308663d4ae917bd7bc5323be4e69fbde43d06bd03513ebb3e039a3c173f64bdce41013c83d023bdd0e64abcb47784bd454636bd0ac10dbd99923bbdf7cd55bd4f0324bb3f54f2bb75513b3d8a36e13bb0f9623d92759cbdf7177bbb5bfa84bc9fdada3c6f79063cb53500bddfec693d79ea33bd480cdf3cb0a7d73da32ebbbce3b7ce3b2529973cb944903c85dcd93ba5480dbc3aa01e3d3a49ed3c7fefe6bd28702cbd979dbc3bdbce283bc5e250bccd50d73d8534d7bcefe50cbdf2654b3d0a3c96bcc87d233b1a55583c8e0b32bda77f5d3b7ccfb73cf891a9bdfdcbf8bd4d20f739ee44fd3cd7b7cf3c84d8d13dd768e33c3a2345bd15b74dbd7802573d5735efbc0df22bbd516b683d80b1943d1d1f1abce61742bdd7a14e3ce68cdcbdefcccabba17d53bd6b31adbc6fad223b1fd1a0bdd58f85bd5f9f203da4c81fbdc636183b5c7bb93acd2392bc75dc08bdfcb813bc7cd248bc0ba216bc1ec007bd1ef54fbd9e0485bd86dd0a3d9249ab3c67e0f2bcb6545fbd9087da3c659d163dfa5a2f3c2653893d491d02bd5dd99fbce4f9973dcbed1f380d35543da1c099bc68c18dbbb9f70b3c1015c93ca919163dc624d0bdb11157bd0bb2c33d7dc9753d2f9e093d16ea2e3c182253bc97d47e3da62fb33c4e82053d34e58f3cbdb7b33c384a81bd79aee4bc5ee1923b6d59963d0943bc3cbd0606bb8d23953d6b19253db97588bdf4f9a8bbc08bf1ba258872bd836c013db4c7563c1b66423dd816df3c21f2783bea2b0cbd59a60b3c2875fb3c8f73773d1691213dc958b8bddcbd5bba7b5a9f3d2feefdbc0704f2bc50d44b3c57a86e3de4a5813ca8dbcd3b60cf243c347888bc91a2f63c288d43bd10394dbd0cdc753c9772103ddaad463c0ef42fbd720967bde832a43d646e0fbddf8ce73d2a0e71bb0ad0febcb690be3b013a823c281b8b3b6ed63dbb98d00cbd041297bca517473d3b09aebd76efc2bc06d6e43bfdf1513b70e6a5bb0b7b013e1d41c93c88b194bd4a49ba3db1dac83c0672503c7807a63dd29e583ca4224b3b95a6e73c3ad7123cc0134c3ccea4473db54d6bbdad73dd3cdb5bc9bd631699bc16e7c13dc79cee3bd9fe8fbcde4114bdc1dca73cba17a33dad790b3d24c045bce2988cbd99cf643c8aa7383d47f39e3d4a2b903da4d707bdea4a1c3dd7311fbd3068a13a4bc3033d8c70183b476cc0bdb785a43b8639813d963cbbbc6419363c00f3f83b6e31be3c9615e33cb1bb623df56301bc3ec1ed3bf0dee03c0519a83cfc565e3c089107bd27c569bc9309bc3dc2468bbcf9a36f3dd3f73e3da41ab23c5ae704bd51da253dead45c3d637505bc23193fbd2f854abd200ecabb1a7b8bba49b14f3cb22286bb1ed8253db39a58bd0c8c42bd10ea2ebd164112bd4321393d6532fd3ab07856bd3fb01bbd0194103bb8a0ed3ca01aa2bbe290f03cc28c933dbfd08bbde499f7bc3294333d731022bc53ad243a4e2cec3c1fc02dbd52f55b3cc84ae8bce5779bbc8d8271bc37f406bcd3c6e0bc0ca59b3d02383c3d234b323d7e4039bd395e7d3db5a6afbd8dfaa1bcfbd0fc3de2736bbd028dc3bac99c413d186823bc7740d23b837f55b9a280ee3ca26159bdc7f1743dd5a30abb788c083cfc432fbb79dd963d0b14333deb8c313d1063b0bdb9b47cbdab46b13a5adb4bbc22cd923ce707703d8faacf3d2978f53bb64823bc4cf9803b073c11bdd42206bde42c913c72234cbdf3a78cbc6d40cc3b2fd3843c6e8230bc78e45e3ca577f83cce59d3bb4feaee3c5cf645bdd6ba643d39a09d3b67fdac3b0f5722bd430e793c8892273dd0f1463d81a6bbbc819c1c3de7f29ebcebf919bd9f40fa3c6a9c90ba3b2ec7bd9e33b1bb745051bd5b5b13bd4fab49bb4623babb4568b93c57a797bce2bb6e3c9d8f673c9ec223bd3d80823bb7bf343dba38833da053243d9916593da5b5063d05d7193d810cf63c196412bd336b7cbce0f1e73c6499863de9876d3d3bc45b3c03a8b43c06d3223dc9b1adbd50e814bd0e4e243d796bccbc1be83b3d73d1e83b784aaf3d0e90833c120a34bda7fd803d10ea073d4d8fb1bc963badbcf8f7833a55c1793c8f889fbd5ac19ebc3c878c3db5d31ebc3e71433dd8d9d8bc649fdcbc292b2dbaf140a23c19c0ab3c13816ebc8c4d863b4aa6a3bde6f58bbd7cb294bcd18bff3bab2e8c3cbde386bc0e9d8ebd0bbdf8bbb58b84bb257708bd801f013dcfc1803d66b427bda4f9463d500732bde3786fbd3157d53ca6a751bd6c66b1bdd65177bc3e46d03aaa3c823c3f38abbc78696d3dc4e0ca3dc76f89bb6b42af3d1efa51bd9f2c7c3d2fcb873d, '2025-07-21 09:17:22'),
(30, 'USER_686a2f07b45002.32463636', 0x7209123c7b7403b9d30a16bded3d603d4d719d3c5614633cea9371bdf494313de926a8bafea52d3d89388d3dec27f93c438b25bd327ab6bc95bde63bed98ad3d9b5834bd20da6f3d2ca1b2bc275df2bcc0204ebd417e64bdfd18033d25e70f3c0527f0bbe673213c0057e53c1b91b7bc638fe7bbfea1643c642be7bc0014b13c2ed0d4bb961fbd3d89b6ac3da74e3abce6cc39bdd608febb74c006bdf693713d5973a6bb588276bbf1a96b3c0dff383cc3e2aebd83bb06bda38cb3bdc6f9d7bced2a92bc62ebd1bd4378043b56544b3ca82939bd7395febd26329b3df986a43c5616fbba3d01a6bcb78a15bcc39cc9bb5195a9bd2ff8b7bdb314853b2a4e1fbb2c30ae3c5b0a483ce885ea3baf9489bdba3a97bcb3303bbdada84cbd33a8383d7ad34cbd729e9b3cda1dee3c843283bdc21552bdd6db453d52a7d6bc4b4f873caa5f9e3d9e1735bd931c9abd38fa4bbd20fddc3c8b20bd3c1b0e1f3ddbaf6a3b083a4ebd4274143c148114bd750427bcbd8831bdf01c3b3d83c744bb9f2eb33d6ca194bc3b7fb63d63a8b0bd251e733d943324bdde8350bd91fce1b97ef78a3bf5d867bbf2d25dbce15407bdea3086bd59a843bd73aac5bdbf7164bcc1c784bda0fd19bd450707bdb316233dd2ba433dbda99abb40b9293d18592fbdddfa40bcacda1e3c15aae53c9507263d142b2c3cf4352a3d4823a6bdcc2d0fbd8577923d31e8aabd24014c3db644993d8093de3c06fbbe3c42ec67bdaa0bb93bbe7d293d829a6fbd3e1b16bd9cab2c3d34555a3dc0eef73be3ab8a3d47d7803b9960b8bcd5f7503d03b09bba189aa13c7a8455bc4f572dbd9e7bf73c73abfa394598b8bc6cd5d5bd0523373c35a3b6bc3d6dc53c20167b3d1098333dd3c570bd16871dbca194613dc667f03ce2558fbd218e083d3004733d15fa44bc35a628bdfcb827bdbcdae9bca0b5b23bdb5dcebcbdfc193b6c2b193d815c2cbdc782ecbc25f85a3d767709bdd44edcbcc67b00bd829cf5bb47d612bd360a18bc2a026c3d7b2124bdfd3fc93be9982cbc5080c83b106d303d5d0c3f3da36e9ebcc576aebd9614f73a479aff3c8420043d5ed9a63d97fcecb93eb187bd647d33bd4597af3cf342763dfdfad6bc8f2cdebcff4448bca9243cbdc907d03b608a04be9bc31cbdc575603d150e303dc83f50bb15b39a3c72614b3dd8dc433dc80fbcbb35ac243cccd1593dab32cb3ca4b1c0bd99ae2dbdd1a1f73cc4474d3dbecd6bbd6401013da8e4a03d426f203dfe09f43ca6539e3c72fe933c7aa884bd66832c3c512cd1bc4c7eb33c9c50c93c4955053cdb73b53ce533433d3091523d036a863d4129ba3c8626d7bd30e1993cca9c933dada549bde82553bdb69fce3cef87bd3d7598793c8d6322bca8fddb3bc15818bd9e1f723d3cd805bdc54ae5bce24b08bdc1420d3d9b171c3d8739e1bb1de692bc066c443dd50dda3af42ebe3d2507a23c6d33f03c2c66d33bc5adb93c00e1d6bbb422edbc5c83a3bca4a277bd5c57da3ca04cbfbddfdd6bbc8f49bfbbe5db37bd60cf42bd89387c3d4756263ba5b0b5bd3bfdb53db1c43e3da2b894bbd0b6b33ca26c6c3d08a6243c189cc8bca3fd4d3ddc44423d411ce73c12673dbd22ff303c161ba1bd71e3a3bcbb1f933d2aad96bc262c71bc448991bd289e153d0357983d5698533c7265cc3bad88c5bda232573c1a7ddcbce219843d19b1ba3d35e5f0bd02038e3dfad00abdb068e0bb2f63b3bcfb4c8c3c8477c9bd429d71bb121bf43c8c733bbb4dc288bbf799ebbb1b3d1e3d0b1b1e3df594a93c32d5683cb94f1d3d3fe675bc7335bc3cdbe9abbc0ca120bdee7116bde459803df933cb3ca3c9cc3c5d4dd4bcb7b5473d72ca94baa19a013bfd5b883d1704f7ba13761abd9b483ebd2047cd3c4e24a03c136ffb3b4ab7efbcda236d3d56dbf4bcead43fbd206b2abdd40d26bd0333913cf1ed00bd662a75bd1a16163cd76c33bcf9da6a3d6394da3a24676abc702ab53dea4cb8bdd827efbc8138fc3c751d80bd02fca3bc6401213d494844bdc4ed6e3d3243cebaf2aaeb3ccc2a21bd0ffce93cbb6df4bb01c9353dd12ac13c1db38f3d2902863c696e813da0a933bd5cc699bcf4dcd63de3a696bcddbc7fbc8bedb93cbd299e3c8e0560bdc51819bc0655753c1c0183bd8430303d11a676bd645b743b91bcd3bb95524e3d2d1183bc6b0a8b3d363d26bdfbbf8cbda686e4bc20635abdce03c33cdb5d283dff79ad3d96cc083d140dfdbcb892a7bb655e37bc399a003d38b8053d27aa99bc07659fbc1e530b3d687614bc2aaa8e3cd436833c46e7d33c08a1c1bc2cdd5c3c5cf681bd73315f3dfc230abd1c0d15bd55048fbd8043e03ca46f973a94972a3c3e2641bde4b032bcfd7607bcd4dfb5bd6491e23c290157bdce77abbdacb2e1b9c8e7c3bd685d61bc6ba0b73ce6aad33ab50c7ebb2654e43c8f5bb83c199cc93c12e106bd805cadbce6f7b73d14ff553db9ae37bc7c05333dffdc103d41cb3d3b053d7a3dffac11bd530653bd7b17933c273bea3c9e43543db96df73b81242abdffbbda3ce1ff5ebde388cdbc60b8a33d506e35bd521454bc640f503d162c973dec38463d3b61f639beecc13d34e55d3c25ee20bd341fea3c62bd80bb9eb9d83c17ed40bd07dce7bcf76d513dbc2604bc6038cf3c3f8c923c21943abde048ddbc91d00c3d43b6293cf1071d3cc7c8e43bcb6d31bdfa0822bd3261c43c24f9ae3cd76758bbfd7197bd1504edbc0eefbabc51a362bd07e6c7bc9d3f273d412b2c3d1e4196bd1fd8753d730426bcd33645ba74f0dd3a1385d6bd423cb0bd3d563fbcd8f4febca6c953bca688d83c5850b63d45269b3cf000873ca3c23f3d89a2c7bc1ef53f3d6011453d, '2025-07-21 09:17:22');

-- --------------------------------------------------------

--
-- Table structure for table `merchants`
--

CREATE TABLE `merchants` (
  `id` int(11) NOT NULL,
  `merchant_id` varchar(50) DEFAULT NULL,
  `name` varchar(100) DEFAULT NULL,
  `api_key` varchar(255) DEFAULT NULL,
  `is_active` tinyint(1) DEFAULT 1,
  `return_url` varchar(255) DEFAULT NULL,
  `cancel_url` varchar(255) DEFAULT NULL,
  `webhook_url` varchar(255) DEFAULT NULL
) ENGINE=InnoDB DEFAULT CHARSET=utf8mb4 COLLATE=utf8mb4_general_ci;

--
-- Dumping data for table `merchants`
--

INSERT INTO `merchants` (`id`, `merchant_id`, `name`, `api_key`, `is_active`, `return_url`, `cancel_url`, `webhook_url`) VALUES
(2, 'MCD', 'McDonald\'s Malaysia', 'sk_1f55be80af366a8c3e87f53b14962a4f2ec4bbe14755af39', 1, 'http://localhost/FYP/business_integration/e-commerce.php', '', ''),
(3, 'KFC', 'KFC Malaysia', 'sk_650bad6d5bfe661a77f955fad8cb21859cb21e901e720350', 0, 'http://localhost/FYP/business_integration/payment_success.php', 'http://localhost/FYP/business_integration/payment_failed.php', '0');

-- --------------------------------------------------------

--
-- Table structure for table `rate_limits`
--

CREATE TABLE `rate_limits` (
  `id` int(11) NOT NULL,
  `identifier` varchar(255) NOT NULL,
  `attempt_time` int(11) NOT NULL,
  `created_at` timestamp NOT NULL DEFAULT current_timestamp()
) ENGINE=InnoDB DEFAULT CHARSET=utf8mb4 COLLATE=utf8mb4_general_ci;

-- --------------------------------------------------------

--
-- Table structure for table `remember_tokens`
--

CREATE TABLE `remember_tokens` (
  `id` int(11) NOT NULL,
  `user_id` int(11) NOT NULL,
  `token` varchar(255) NOT NULL,
  `expires_at` datetime NOT NULL,
  `created_at` timestamp NOT NULL DEFAULT current_timestamp()
) ENGINE=InnoDB DEFAULT CHARSET=utf8mb4 COLLATE=utf8mb4_general_ci;

-- --------------------------------------------------------

--
-- Table structure for table `security_audit_log`
--

CREATE TABLE `security_audit_log` (
  `id` int(11) NOT NULL,
  `user_id` varchar(50) DEFAULT NULL,
  `action` varchar(100) NOT NULL,
  `result` enum('success','failure','warning') NOT NULL,
  `ip_address` varchar(45) DEFAULT NULL,
  `user_agent` text DEFAULT NULL,
  `details` longtext CHARACTER SET utf8mb4 COLLATE utf8mb4_bin DEFAULT NULL CHECK (json_valid(`details`)),
  `timestamp` timestamp NOT NULL DEFAULT current_timestamp()
) ENGINE=InnoDB DEFAULT CHARSET=utf8mb4 COLLATE=utf8mb4_general_ci;

--
-- Dumping data for table `security_audit_log`
--

INSERT INTO `security_audit_log` (`id`, `user_id`, `action`, `result`, `ip_address`, `user_agent`, `details`, `timestamp`) VALUES
(1, 'unknown', 'ADMIN_SESSION_STARTED', 'success', '127.0.0.1', 'Mozilla/5.0 (Windows NT 10.0; Win64; x64; rv:141.0) Gecko/20100101 Firefox/141.0', '{\"admin_session\":\"none\",\"admin_role\":\"unknown\",\"admin_id\":\"unknown\",\"interface\":\"admin_panel\"}', '2025-07-24 12:01:10'),
(2, 'anonymous', 'ADMIN_ACCESS_ATTEMPT_NO_TOKEN', '', '127.0.0.1', 'Mozilla/5.0 (Windows NT 10.0; Win64; x64; rv:141.0) Gecko/20100101 Firefox/141.0', '{\"admin_session\":\"none\",\"admin_role\":\"unknown\",\"admin_id\":\"unknown\",\"interface\":\"admin_panel\"}', '2025-07-24 12:01:10'),
(3, 'admin', 'ADMIN_login_success', 'success', '127.0.0.1', 'Mozilla/5.0 (Windows NT 10.0; Win64; x64; rv:141.0) Gecko/20100101 Firefox/141.0', '{\"admin_id\":\"unknown\",\"role\":\"super_admin\",\"ip\":\"127.0.0.1\",\"admin_session\":\"none\",\"admin_role\":\"unknown\",\"interface\":\"admin_panel\"}', '2025-07-24 12:01:14'),
(4, 'admin', 'ADMIN_login_success', 'success', '127.0.0.1', 'Mozilla/5.0 (Windows NT 10.0; Win64; x64; rv:141.0) Gecko/20100101 Firefox/141.0', '{\"admin_id\":1,\"ip\":\"127.0.0.1\",\"password_method\":\"obfuscated\",\"admin_session\":\"8cbe5f80030cbc0ab9db0c4fdcdb837dad45383a1add8ad6719ac24afd7cc279_1753358474\",\"admin_role\":\"super_admin\",\"interface\":\"admin_panel\"}', '2025-07-24 12:01:14'),
(5, 'unknown', 'ADMIN_PAGE_ACCESS', 'success', '127.0.0.1', 'Mozilla/5.0 (Windows NT 10.0; Win64; x64; rv:141.0) Gecko/20100101 Firefox/141.0', '{\"page\":\"\\/FYP\\/admin_side\\/dashboard.php\",\"role\":\"super_admin\",\"admin_session\":\"8cbe5f80030cbc0ab9db0c4fdcdb837dad45383a1add8ad6719ac24afd7cc279_1753358474\",\"admin_role\":\"super_admin\",\"admin_id\":1,\"interface\":\"admin_panel\"}', '2025-07-24 12:01:14'),
(6, 'unknown', 'ADMIN_PAGE_ACCESS', 'success', '127.0.0.1', 'Mozilla/5.0 (Windows NT 10.0; Win64; x64; rv:141.0) Gecko/20100101 Firefox/141.0', '{\"page\":\"\\/FYP\\/admin_side\\/dashboard.php\",\"role\":\"super_admin\",\"admin_session\":\"8cbe5f80030cbc0ab9db0c4fdcdb837dad45383a1add8ad6719ac24afd7cc279_1753358474\",\"admin_role\":\"super_admin\",\"admin_id\":1,\"interface\":\"admin_panel\"}', '2025-07-24 12:05:35'),
(7, 'unknown', 'ADMIN_PAGE_ACCESS', 'success', '127.0.0.1', 'Mozilla/5.0 (Windows NT 10.0; Win64; x64; rv:141.0) Gecko/20100101 Firefox/141.0', '{\"page\":\"\\/FYP\\/admin_side\\/merchants.php\",\"role\":\"super_admin\",\"admin_session\":\"8cbe5f80030cbc0ab9db0c4fdcdb837dad45383a1add8ad6719ac24afd7cc279_1753358474\",\"admin_role\":\"super_admin\",\"admin_id\":1,\"interface\":\"admin_panel\"}', '2025-07-24 12:05:38'),
(8, 'unknown', 'ADMIN_PAGE_ACCESS', 'success', '127.0.0.1', 'Mozilla/5.0 (Windows NT 10.0; Win64; x64; rv:141.0) Gecko/20100101 Firefox/141.0', '{\"page\":\"\\/FYP\\/admin_side\\/users.php\",\"role\":\"super_admin\",\"admin_session\":\"8cbe5f80030cbc0ab9db0c4fdcdb837dad45383a1add8ad6719ac24afd7cc279_1753358474\",\"admin_role\":\"super_admin\",\"admin_id\":1,\"interface\":\"admin_panel\"}', '2025-07-24 12:05:38'),
(9, 'unknown', 'ADMIN_PAGE_ACCESS', 'success', '127.0.0.1', 'Mozilla/5.0 (Windows NT 10.0; Win64; x64; rv:141.0) Gecko/20100101 Firefox/141.0', '{\"page\":\"\\/FYP\\/admin_side\\/transactions.php\",\"role\":\"super_admin\",\"admin_session\":\"8cbe5f80030cbc0ab9db0c4fdcdb837dad45383a1add8ad6719ac24afd7cc279_1753358474\",\"admin_role\":\"super_admin\",\"admin_id\":1,\"interface\":\"admin_panel\"}', '2025-07-24 12:05:39'),
(10, 'unknown', 'ADMIN_PAGE_ACCESS', 'success', '127.0.0.1', 'Mozilla/5.0 (Windows NT 10.0; Win64; x64; rv:141.0) Gecko/20100101 Firefox/141.0', '{\"page\":\"\\/FYP\\/admin_side\\/dashboard.php\",\"role\":\"super_admin\",\"admin_session\":\"8cbe5f80030cbc0ab9db0c4fdcdb837dad45383a1add8ad6719ac24afd7cc279_1753358474\",\"admin_role\":\"super_admin\",\"admin_id\":1,\"interface\":\"admin_panel\"}', '2025-07-24 12:05:51'),
(11, 'unknown', 'ADMIN_PAGE_ACCESS', 'success', '127.0.0.1', 'Mozilla/5.0 (Windows NT 10.0; Win64; x64; rv:141.0) Gecko/20100101 Firefox/141.0', '{\"page\":\"\\/FYP\\/admin_side\\/merchants.php\",\"role\":\"super_admin\",\"admin_session\":\"8cbe5f80030cbc0ab9db0c4fdcdb837dad45383a1add8ad6719ac24afd7cc279_1753358474\",\"admin_role\":\"super_admin\",\"admin_id\":1,\"interface\":\"admin_panel\"}', '2025-07-24 12:06:01'),
(12, 'unknown', 'ADMIN_PAGE_ACCESS', 'success', '127.0.0.1', 'Mozilla/5.0 (Windows NT 10.0; Win64; x64; rv:141.0) Gecko/20100101 Firefox/141.0', '{\"page\":\"\\/FYP\\/admin_side\\/users.php\",\"role\":\"super_admin\",\"admin_session\":\"8cbe5f80030cbc0ab9db0c4fdcdb837dad45383a1add8ad6719ac24afd7cc279_1753358474\",\"admin_role\":\"super_admin\",\"admin_id\":1,\"interface\":\"admin_panel\"}', '2025-07-24 12:06:02'),
(13, 'unknown', 'ADMIN_PAGE_ACCESS', 'success', '127.0.0.1', 'Mozilla/5.0 (Windows NT 10.0; Win64; x64; rv:141.0) Gecko/20100101 Firefox/141.0', '{\"page\":\"\\/FYP\\/admin_side\\/transactions.php\",\"role\":\"super_admin\",\"admin_session\":\"8cbe5f80030cbc0ab9db0c4fdcdb837dad45383a1add8ad6719ac24afd7cc279_1753358474\",\"admin_role\":\"super_admin\",\"admin_id\":1,\"interface\":\"admin_panel\"}', '2025-07-24 12:06:03'),
(14, 'unknown', 'ADMIN_SESSION_STARTED', 'success', '127.0.0.1', 'Mozilla/5.0 (Windows NT 10.0; Win64; x64; rv:141.0) Gecko/20100101 Firefox/141.0', '{\"admin_session\":\"none\",\"admin_role\":\"unknown\",\"admin_id\":\"unknown\",\"interface\":\"admin_panel\"}', '2025-07-24 12:06:04'),
(15, 'admin', 'ADMIN_login_success', 'success', '127.0.0.1', 'Mozilla/5.0 (Windows NT 10.0; Win64; x64; rv:141.0) Gecko/20100101 Firefox/141.0', '{\"admin_id\":\"unknown\",\"role\":\"super_admin\",\"ip\":\"127.0.0.1\",\"admin_session\":\"none\",\"admin_role\":\"unknown\",\"interface\":\"admin_panel\"}', '2025-07-24 12:06:07'),
(16, 'admin', 'ADMIN_login_success', 'success', '127.0.0.1', 'Mozilla/5.0 (Windows NT 10.0; Win64; x64; rv:141.0) Gecko/20100101 Firefox/141.0', '{\"admin_id\":1,\"ip\":\"127.0.0.1\",\"password_method\":\"obfuscated\",\"admin_session\":\"2a1393cc4b63b242fb8a1e47418ce6ffefcd32d5fa8c6ebcf5907f6485e9a705_1753358767\",\"admin_role\":\"super_admin\",\"interface\":\"admin_panel\"}', '2025-07-24 12:06:07'),
(17, 'unknown', 'ADMIN_PAGE_ACCESS', 'success', '127.0.0.1', 'Mozilla/5.0 (Windows NT 10.0; Win64; x64; rv:141.0) Gecko/20100101 Firefox/141.0', '{\"page\":\"\\/FYP\\/admin_side\\/dashboard.php\",\"role\":\"super_admin\",\"admin_session\":\"2a1393cc4b63b242fb8a1e47418ce6ffefcd32d5fa8c6ebcf5907f6485e9a705_1753358767\",\"admin_role\":\"super_admin\",\"admin_id\":1,\"interface\":\"admin_panel\"}', '2025-07-24 12:06:07'),
(18, 'unknown', 'ADMIN_PAGE_ACCESS', 'success', '127.0.0.1', 'Mozilla/5.0 (Windows NT 10.0; Win64; x64; rv:141.0) Gecko/20100101 Firefox/141.0', '{\"page\":\"\\/FYP\\/admin_side\\/merchants.php\",\"role\":\"super_admin\",\"admin_session\":\"2a1393cc4b63b242fb8a1e47418ce6ffefcd32d5fa8c6ebcf5907f6485e9a705_1753358767\",\"admin_role\":\"super_admin\",\"admin_id\":1,\"interface\":\"admin_panel\"}', '2025-07-24 12:06:09'),
(19, 'unknown', 'ADMIN_PAGE_ACCESS', 'success', '127.0.0.1', 'Mozilla/5.0 (Windows NT 10.0; Win64; x64; rv:141.0) Gecko/20100101 Firefox/141.0', '{\"page\":\"\\/FYP\\/admin_side\\/users.php\",\"role\":\"super_admin\",\"admin_session\":\"2a1393cc4b63b242fb8a1e47418ce6ffefcd32d5fa8c6ebcf5907f6485e9a705_1753358767\",\"admin_role\":\"super_admin\",\"admin_id\":1,\"interface\":\"admin_panel\"}', '2025-07-24 12:06:09'),
(20, 'unknown', 'ADMIN_PAGE_ACCESS', 'success', '127.0.0.1', 'Mozilla/5.0 (Windows NT 10.0; Win64; x64; rv:141.0) Gecko/20100101 Firefox/141.0', '{\"page\":\"\\/FYP\\/admin_side\\/merchants.php\",\"role\":\"super_admin\",\"admin_session\":\"2a1393cc4b63b242fb8a1e47418ce6ffefcd32d5fa8c6ebcf5907f6485e9a705_1753358767\",\"admin_role\":\"super_admin\",\"admin_id\":1,\"interface\":\"admin_panel\"}', '2025-07-24 12:06:10'),
(21, 'unknown', 'ADMIN_PAGE_ACCESS', 'success', '127.0.0.1', 'Mozilla/5.0 (Windows NT 10.0; Win64; x64; rv:141.0) Gecko/20100101 Firefox/141.0', '{\"page\":\"\\/FYP\\/admin_side\\/dashboard.php\",\"role\":\"super_admin\",\"admin_session\":\"2a1393cc4b63b242fb8a1e47418ce6ffefcd32d5fa8c6ebcf5907f6485e9a705_1753358767\",\"admin_role\":\"super_admin\",\"admin_id\":1,\"interface\":\"admin_panel\"}', '2025-07-24 12:06:11'),
(22, 'unknown', 'ADMIN_PAGE_ACCESS', 'success', '127.0.0.1', 'Mozilla/5.0 (Windows NT 10.0; Win64; x64; rv:141.0) Gecko/20100101 Firefox/141.0', '{\"page\":\"\\/FYP\\/admin_side\\/transactions.php\",\"role\":\"super_admin\",\"admin_session\":\"2a1393cc4b63b242fb8a1e47418ce6ffefcd32d5fa8c6ebcf5907f6485e9a705_1753358767\",\"admin_role\":\"super_admin\",\"admin_id\":1,\"interface\":\"admin_panel\"}', '2025-07-24 12:06:13'),
(23, 'unknown', 'ADMIN_PAGE_ACCESS', 'success', '127.0.0.1', 'Mozilla/5.0 (Windows NT 10.0; Win64; x64; rv:141.0) Gecko/20100101 Firefox/141.0', '{\"page\":\"\\/FYP\\/admin_side\\/dashboard.php\",\"role\":\"super_admin\",\"admin_session\":\"2a1393cc4b63b242fb8a1e47418ce6ffefcd32d5fa8c6ebcf5907f6485e9a705_1753358767\",\"admin_role\":\"super_admin\",\"admin_id\":1,\"interface\":\"admin_panel\"}', '2025-07-24 12:06:14'),
(24, 'unknown', 'ADMIN_SESSION_STARTED', 'success', '127.0.0.1', 'Mozilla/5.0 (Windows NT 10.0; Win64; x64; rv:141.0) Gecko/20100101 Firefox/141.0', '{\"admin_session\":\"none\",\"admin_role\":\"unknown\",\"admin_id\":\"unknown\",\"interface\":\"admin_panel\"}', '2025-07-24 12:07:33'),
(25, 'anonymous', 'ADMIN_ACCESS_ATTEMPT_NO_TOKEN', '', '127.0.0.1', 'Mozilla/5.0 (Windows NT 10.0; Win64; x64; rv:141.0) Gecko/20100101 Firefox/141.0', '{\"admin_session\":\"none\",\"admin_role\":\"unknown\",\"admin_id\":\"unknown\",\"interface\":\"admin_panel\"}', '2025-07-24 12:07:33'),
(26, 'unknown', 'ADMIN_SESSION_STARTED', 'success', '127.0.0.1', 'Mozilla/5.0 (Windows NT 10.0; Win64; x64; rv:141.0) Gecko/20100101 Firefox/141.0', '{\"admin_session\":\"none\",\"admin_role\":\"unknown\",\"admin_id\":\"unknown\",\"interface\":\"admin_panel\"}', '2025-07-24 12:07:33'),
(27, 'unknown', 'ADMIN_PAGE_ACCESS', 'success', '127.0.0.1', 'Mozilla/5.0 (Windows NT 10.0; Win64; x64; rv:141.0) Gecko/20100101 Firefox/141.0', '{\"page\":\"\\/FYP\\/admin_side\\/transactions.php\",\"role\":\"super_admin\",\"admin_session\":\"2a1393cc4b63b242fb8a1e47418ce6ffefcd32d5fa8c6ebcf5907f6485e9a705_1753358767\",\"admin_role\":\"super_admin\",\"admin_id\":1,\"interface\":\"admin_panel\"}', '2025-07-24 12:18:52'),
(28, 'unknown', 'ADMIN_PAGE_ACCESS', 'success', '127.0.0.1', 'Mozilla/5.0 (Windows NT 10.0; Win64; x64; rv:141.0) Gecko/20100101 Firefox/141.0', '{\"page\":\"\\/FYP\\/admin_side\\/dashboard.php\",\"role\":\"super_admin\",\"admin_session\":\"2a1393cc4b63b242fb8a1e47418ce6ffefcd32d5fa8c6ebcf5907f6485e9a705_1753358767\",\"admin_role\":\"super_admin\",\"admin_id\":1,\"interface\":\"admin_panel\"}', '2025-07-24 12:19:15'),
(29, 'unknown', 'ADMIN_PAGE_ACCESS', 'success', '127.0.0.1', 'Mozilla/5.0 (Windows NT 10.0; Win64; x64; rv:141.0) Gecko/20100101 Firefox/141.0', '{\"page\":\"\\/FYP\\/admin_side\\/dashboard.php\",\"role\":\"super_admin\",\"admin_session\":\"2a1393cc4b63b242fb8a1e47418ce6ffefcd32d5fa8c6ebcf5907f6485e9a705_1753358767\",\"admin_role\":\"super_admin\",\"admin_id\":1,\"interface\":\"admin_panel\"}', '2025-07-24 12:21:02'),
(30, 'unknown', 'ADMIN_PAGE_ACCESS', 'success', '127.0.0.1', 'Mozilla/5.0 (Windows NT 10.0; Win64; x64; rv:141.0) Gecko/20100101 Firefox/141.0', '{\"page\":\"\\/FYP\\/admin_side\\/merchants.php\",\"role\":\"super_admin\",\"admin_session\":\"2a1393cc4b63b242fb8a1e47418ce6ffefcd32d5fa8c6ebcf5907f6485e9a705_1753358767\",\"admin_role\":\"super_admin\",\"admin_id\":1,\"interface\":\"admin_panel\"}', '2025-07-24 12:21:04'),
(31, 'unknown', 'ADMIN_PAGE_ACCESS', 'success', '127.0.0.1', 'Mozilla/5.0 (Windows NT 10.0; Win64; x64; rv:141.0) Gecko/20100101 Firefox/141.0', '{\"page\":\"\\/FYP\\/admin_side\\/dashboard.php\",\"role\":\"super_admin\",\"admin_session\":\"2a1393cc4b63b242fb8a1e47418ce6ffefcd32d5fa8c6ebcf5907f6485e9a705_1753358767\",\"admin_role\":\"super_admin\",\"admin_id\":1,\"interface\":\"admin_panel\"}', '2025-07-24 12:21:05'),
(32, 'unknown', 'ADMIN_PAGE_ACCESS', 'success', '127.0.0.1', 'Mozilla/5.0 (Windows NT 10.0; Win64; x64; rv:141.0) Gecko/20100101 Firefox/141.0', '{\"page\":\"\\/FYP\\/admin_side\\/transactions.php\",\"role\":\"super_admin\",\"admin_session\":\"2a1393cc4b63b242fb8a1e47418ce6ffefcd32d5fa8c6ebcf5907f6485e9a705_1753358767\",\"admin_role\":\"super_admin\",\"admin_id\":1,\"interface\":\"admin_panel\"}', '2025-07-24 12:21:08'),
(33, 'unknown', 'ADMIN_PAGE_ACCESS', 'success', '127.0.0.1', 'Mozilla/5.0 (Windows NT 10.0; Win64; x64; rv:141.0) Gecko/20100101 Firefox/141.0', '{\"page\":\"\\/FYP\\/admin_side\\/users.php\",\"role\":\"super_admin\",\"admin_session\":\"2a1393cc4b63b242fb8a1e47418ce6ffefcd32d5fa8c6ebcf5907f6485e9a705_1753358767\",\"admin_role\":\"super_admin\",\"admin_id\":1,\"interface\":\"admin_panel\"}', '2025-07-24 12:21:16'),
(34, 'unknown', 'ADMIN_PAGE_ACCESS', 'success', '127.0.0.1', 'Mozilla/5.0 (Windows NT 10.0; Win64; x64; rv:141.0) Gecko/20100101 Firefox/141.0', '{\"page\":\"\\/FYP\\/admin_side\\/merchants.php\",\"role\":\"super_admin\",\"admin_session\":\"2a1393cc4b63b242fb8a1e47418ce6ffefcd32d5fa8c6ebcf5907f6485e9a705_1753358767\",\"admin_role\":\"super_admin\",\"admin_id\":1,\"interface\":\"admin_panel\"}', '2025-07-24 12:21:18'),
(35, 'unknown', 'ADMIN_PAGE_ACCESS', 'success', '127.0.0.1', 'Mozilla/5.0 (Windows NT 10.0; Win64; x64; rv:141.0) Gecko/20100101 Firefox/141.0', '{\"page\":\"\\/FYP\\/admin_side\\/dashboard.php\",\"role\":\"super_admin\",\"admin_session\":\"2a1393cc4b63b242fb8a1e47418ce6ffefcd32d5fa8c6ebcf5907f6485e9a705_1753358767\",\"admin_role\":\"super_admin\",\"admin_id\":1,\"interface\":\"admin_panel\"}', '2025-07-24 12:21:20'),
(36, 'unknown', 'ADMIN_SESSION_STARTED', 'success', '127.0.0.1', 'Mozilla/5.0 (Windows NT 10.0; Win64; x64; rv:141.0) Gecko/20100101 Firefox/141.0', '{\"admin_session\":\"none\",\"admin_role\":\"unknown\",\"admin_id\":\"unknown\",\"interface\":\"admin_panel\"}', '2025-07-24 12:21:23'),
(37, 'admin', 'ADMIN_login_success', 'success', '127.0.0.1', 'Mozilla/5.0 (Windows NT 10.0; Win64; x64; rv:141.0) Gecko/20100101 Firefox/141.0', '{\"admin_id\":\"unknown\",\"role\":\"super_admin\",\"ip\":\"127.0.0.1\",\"admin_session\":\"none\",\"admin_role\":\"unknown\",\"interface\":\"admin_panel\"}', '2025-07-24 12:21:26'),
(38, 'admin', 'ADMIN_login_success', 'success', '127.0.0.1', 'Mozilla/5.0 (Windows NT 10.0; Win64; x64; rv:141.0) Gecko/20100101 Firefox/141.0', '{\"admin_id\":1,\"ip\":\"127.0.0.1\",\"password_method\":\"obfuscated\",\"admin_session\":\"2dfdac52e1aab86bb266f0579b5cd42bed7947f2fccb20909e0e21d46ad89eaa_1753359686\",\"admin_role\":\"super_admin\",\"interface\":\"admin_panel\"}', '2025-07-24 12:21:26'),
(39, 'unknown', 'ADMIN_PAGE_ACCESS', 'success', '127.0.0.1', 'Mozilla/5.0 (Windows NT 10.0; Win64; x64; rv:141.0) Gecko/20100101 Firefox/141.0', '{\"page\":\"\\/FYP\\/admin_side\\/dashboard.php\",\"role\":\"super_admin\",\"admin_session\":\"2dfdac52e1aab86bb266f0579b5cd42bed7947f2fccb20909e0e21d46ad89eaa_1753359686\",\"admin_role\":\"super_admin\",\"admin_id\":1,\"interface\":\"admin_panel\"}', '2025-07-24 12:21:26'),
(40, 'USER_686a2f07b45002.32463636', 'payment_face_success', 'success', '127.0.0.1', 'Mozilla/5.0 (Windows NT 10.0; Win64; x64; rv:141.0) Gecko/20100101 Firefox/141.0', '{\"similarity\":0.8702938596407572,\"liveness_score\":0.9117772647431764,\"payment_amount\":3.71,\"merchant_id\":\"MCD\",\"order_id\":\"KIOSK-DEMO-1753359721646\"}', '2025-07-24 12:23:04'),
(41, 'USER_686a2f07b45002.32463636', 'payment_pin_failed', 'failure', '127.0.0.1', 'Mozilla/5.0 (Windows NT 10.0; Win64; x64; rv:141.0) Gecko/20100101 Firefox/141.0', '{\"payment_amount\":3.71,\"merchant_id\":\"MCD\",\"order_id\":\"KIOSK-DEMO-1753359721646\",\"attempts_used\":1,\"attempts_remaining\":4}', '2025-07-24 12:23:11'),
(42, 'USER_686a2f07b45002.32463636', 'payment_pin_success', 'success', '127.0.0.1', 'Mozilla/5.0 (Windows NT 10.0; Win64; x64; rv:141.0) Gecko/20100101 Firefox/141.0', '{\"payment_amount\":3.71,\"merchant_id\":\"MCD\",\"order_id\":\"KIOSK-DEMO-1753359721646\",\"attempts_used\":2}', '2025-07-24 12:23:14'),
(43, 'USER_686a2f07b45002.32463636', 'payment_completed', 'success', '127.0.0.1', 'Mozilla/5.0 (Windows NT 10.0; Win64; x64; rv:141.0) Gecko/20100101 Firefox/141.0', '{\"transaction_id\":\"TXN_1753359797_3467c154\",\"amount\":3.71,\"merchant_id\":\"MCD\",\"order_id\":\"KIOSK-DEMO-1753359721646\",\"new_balance\":31.71,\"face_similarity\":0.8702938596407572,\"liveness_score\":0.9117772647431764}', '2025-07-24 12:23:17'),
(44, 'unknown', 'ADMIN_PAGE_ACCESS', 'success', '127.0.0.1', 'Mozilla/5.0 (Windows NT 10.0; Win64; x64; rv:141.0) Gecko/20100101 Firefox/141.0', '{\"page\":\"\\/FYP\\/admin_side\\/dashboard.php\",\"role\":\"super_admin\",\"admin_session\":\"2dfdac52e1aab86bb266f0579b5cd42bed7947f2fccb20909e0e21d46ad89eaa_1753359686\",\"admin_role\":\"super_admin\",\"admin_id\":1,\"interface\":\"admin_panel\"}', '2025-07-24 12:23:26'),
(45, 'unknown', 'ADMIN_PAGE_ACCESS', 'success', '127.0.0.1', 'Mozilla/5.0 (Windows NT 10.0; Win64; x64; rv:141.0) Gecko/20100101 Firefox/141.0', '{\"page\":\"\\/FYP\\/admin_side\\/merchants.php\",\"role\":\"super_admin\",\"admin_session\":\"2dfdac52e1aab86bb266f0579b5cd42bed7947f2fccb20909e0e21d46ad89eaa_1753359686\",\"admin_role\":\"super_admin\",\"admin_id\":1,\"interface\":\"admin_panel\"}', '2025-07-24 12:23:32'),
(46, 'unknown', 'ADMIN_PAGE_ACCESS', 'success', '127.0.0.1', 'Mozilla/5.0 (Windows NT 10.0; Win64; x64; rv:141.0) Gecko/20100101 Firefox/141.0', '{\"page\":\"\\/FYP\\/admin_side\\/users.php\",\"role\":\"super_admin\",\"admin_session\":\"2dfdac52e1aab86bb266f0579b5cd42bed7947f2fccb20909e0e21d46ad89eaa_1753359686\",\"admin_role\":\"super_admin\",\"admin_id\":1,\"interface\":\"admin_panel\"}', '2025-07-24 12:23:32'),
(47, 'unknown', 'ADMIN_PAGE_ACCESS', 'success', '127.0.0.1', 'Mozilla/5.0 (Windows NT 10.0; Win64; x64; rv:141.0) Gecko/20100101 Firefox/141.0', '{\"page\":\"\\/FYP\\/admin_side\\/merchants.php\",\"role\":\"super_admin\",\"admin_session\":\"2dfdac52e1aab86bb266f0579b5cd42bed7947f2fccb20909e0e21d46ad89eaa_1753359686\",\"admin_role\":\"super_admin\",\"admin_id\":1,\"interface\":\"admin_panel\"}', '2025-07-24 12:23:33'),
(48, 'unknown', 'ADMIN_PAGE_ACCESS', 'success', '127.0.0.1', 'Mozilla/5.0 (Windows NT 10.0; Win64; x64; rv:141.0) Gecko/20100101 Firefox/141.0', '{\"page\":\"\\/FYP\\/admin_side\\/dashboard.php\",\"role\":\"super_admin\",\"admin_session\":\"2dfdac52e1aab86bb266f0579b5cd42bed7947f2fccb20909e0e21d46ad89eaa_1753359686\",\"admin_role\":\"super_admin\",\"admin_id\":1,\"interface\":\"admin_panel\"}', '2025-07-24 12:23:34'),
(49, 'unknown', 'ADMIN_PAGE_ACCESS', 'success', '127.0.0.1', 'Mozilla/5.0 (Windows NT 10.0; Win64; x64; rv:141.0) Gecko/20100101 Firefox/141.0', '{\"page\":\"\\/FYP\\/admin_side\\/merchants.php\",\"role\":\"super_admin\",\"admin_session\":\"2dfdac52e1aab86bb266f0579b5cd42bed7947f2fccb20909e0e21d46ad89eaa_1753359686\",\"admin_role\":\"super_admin\",\"admin_id\":1,\"interface\":\"admin_panel\"}', '2025-07-24 12:23:36'),
(50, 'unknown', 'ADMIN_PAGE_ACCESS', 'success', '127.0.0.1', 'Mozilla/5.0 (Windows NT 10.0; Win64; x64; rv:141.0) Gecko/20100101 Firefox/141.0', '{\"page\":\"\\/FYP\\/admin_side\\/users.php\",\"role\":\"super_admin\",\"admin_session\":\"2dfdac52e1aab86bb266f0579b5cd42bed7947f2fccb20909e0e21d46ad89eaa_1753359686\",\"admin_role\":\"super_admin\",\"admin_id\":1,\"interface\":\"admin_panel\"}', '2025-07-24 12:23:39'),
(51, 'unknown', 'ADMIN_PAGE_ACCESS', 'success', '127.0.0.1', 'Mozilla/5.0 (Windows NT 10.0; Win64; x64; rv:141.0) Gecko/20100101 Firefox/141.0', '{\"page\":\"\\/FYP\\/admin_side\\/transactions.php\",\"role\":\"super_admin\",\"admin_session\":\"2dfdac52e1aab86bb266f0579b5cd42bed7947f2fccb20909e0e21d46ad89eaa_1753359686\",\"admin_role\":\"super_admin\",\"admin_id\":1,\"interface\":\"admin_panel\"}', '2025-07-24 12:23:46'),
(52, 'unknown', 'ADMIN_SESSION_STARTED', 'success', '127.0.0.1', 'Mozilla/5.0 (Windows NT 10.0; Win64; x64; rv:141.0) Gecko/20100101 Firefox/141.0', '{\"admin_session\":\"none\",\"admin_role\":\"unknown\",\"admin_id\":\"unknown\",\"interface\":\"admin_panel\"}', '2025-07-24 12:24:33'),
(53, 'USER_686a2f07b45002.32463636', 'login_success', 'success', '127.0.0.1', 'Mozilla/5.0 (Windows NT 10.0; Win64; x64; rv:141.0) Gecko/20100101 Firefox/141.0', '{\"remember_me\":false,\"user_agent\":\"Mozilla\\/5.0 (Windows NT 10.0; Win64; x64; rv:141.0) Gecko\\/20100101 Firefox\\/141.0\"}', '2025-07-24 12:24:41'),
(54, 'USER_686a2f07b45002.32463636', 'logout', 'success', '127.0.0.1', 'Mozilla/5.0 (Windows NT 10.0; Win64; x64; rv:141.0) Gecko/20100101 Firefox/141.0', '{\"session_duration\":4,\"logout_method\":\"POST\"}', '2025-07-24 12:24:45'),
(55, 'USER_686a2f07b45002.32463636', 'facial_login_success', 'success', '127.0.0.1', 'Mozilla/5.0 (Windows NT 10.0; Win64; x64; rv:141.0) Gecko/20100101 Firefox/141.0', '{\"similarity\":0.8411906838417054,\"liveness_score\":0.9515128073087197,\"login_method\":\"facial_recognition\"}', '2025-07-24 12:25:13'),
(56, 'anonymous', 'ADMIN_ACCESS_ATTEMPT_NO_TOKEN', '', '127.0.0.1', 'Mozilla/5.0 (Windows NT 10.0; Win64; x64; rv:141.0) Gecko/20100101 Firefox/141.0', '{\"admin_session\":\"none\",\"admin_role\":\"unknown\",\"admin_id\":\"unknown\",\"interface\":\"admin_panel\"}', '2025-07-24 12:29:30'),
(57, 'USER_686a2f07b45002.32463636', 'logout', 'success', '127.0.0.1', 'Mozilla/5.0 (Windows NT 10.0; Win64; x64; rv:141.0) Gecko/20100101 Firefox/141.0', '{\"session_duration\":321,\"logout_method\":\"POST\"}', '2025-07-24 12:30:34');

-- --------------------------------------------------------

--
-- Table structure for table `security_log`
--

CREATE TABLE `security_log` (
  `id` int(11) NOT NULL,
  `user_id` varchar(255) DEFAULT NULL,
  `action` varchar(50) NOT NULL,
  `result` enum('success','failure','warning') DEFAULT 'success',
  `ip_address` varchar(45) DEFAULT NULL,
  `status` varchar(20) NOT NULL,
  `similarity_score` float DEFAULT NULL,
  `client_ip` varchar(50) DEFAULT NULL,
  `liveness_check` varchar(50) DEFAULT NULL,
  `user_agent` varchar(255) DEFAULT NULL,
  `details` longtext CHARACTER SET utf8mb4 COLLATE utf8mb4_bin DEFAULT NULL CHECK (json_valid(`details`)),
  `request_size` int(11) DEFAULT NULL,
  `timestamp` timestamp NOT NULL DEFAULT current_timestamp(),
  `liveness_score` float DEFAULT NULL
) ENGINE=InnoDB DEFAULT CHARSET=utf8mb4 COLLATE=utf8mb4_general_ci;

--
-- Dumping data for table `security_log`
--

INSERT INTO `security_log` (`id`, `user_id`, `action`, `result`, `ip_address`, `status`, `similarity_score`, `client_ip`, `liveness_check`, `user_agent`, `details`, `request_size`, `timestamp`, `liveness_score`) VALUES
(1, 'USER_686a2f07b45002.32463636', 'login', 'success', NULL, 'success', 0.839733, '127.0.0.1', NULL, NULL, NULL, NULL, '2025-07-24 12:22:14', NULL),
(2, 'USER_686a2f07b45002.32463636', 'login', 'success', NULL, 'success', 0.828531, '127.0.0.1', NULL, NULL, NULL, NULL, '2025-07-24 12:22:14', NULL),
(3, 'USER_686a2f07b45002.32463636', 'login', 'success', NULL, 'success', 0.729529, '127.0.0.1', NULL, NULL, NULL, NULL, '2025-07-24 12:22:45', NULL),
(4, 'USER_686a2f07b45002.32463636', 'login', 'success', NULL, 'success', 0.870294, '127.0.0.1', NULL, NULL, NULL, NULL, '2025-07-24 12:23:03', 0.911777),
(5, 'USER_686a2f07b45002.32463636', 'login', 'success', NULL, 'success', 0.846629, '127.0.0.1', NULL, NULL, NULL, NULL, '2025-07-24 12:24:54', NULL),
(6, 'USER_686a2f07b45002.32463636', 'login', 'success', NULL, 'success', 0.81468, '127.0.0.1', NULL, NULL, NULL, NULL, '2025-07-24 12:24:55', NULL),
(7, 'USER_686a2f07b45002.32463636', 'login', 'success', NULL, 'success', 0.841191, '127.0.0.1', NULL, NULL, NULL, NULL, '2025-07-24 12:25:11', 0.951513);

-- --------------------------------------------------------

--
-- Table structure for table `system_settings`
--

CREATE TABLE `system_settings` (
  `id` int(11) NOT NULL,
  `setting_key` varchar(100) NOT NULL,
  `setting_value` text NOT NULL,
  `description` text DEFAULT NULL,
  `is_encrypted` tinyint(1) DEFAULT 0,
  `updated_by` varchar(100) DEFAULT NULL,
  `updated_at` timestamp NOT NULL DEFAULT current_timestamp() ON UPDATE current_timestamp()
) ENGINE=InnoDB DEFAULT CHARSET=utf8mb4 COLLATE=utf8mb4_general_ci;

--
-- Dumping data for table `system_settings`
--

INSERT INTO `system_settings` (`id`, `setting_key`, `setting_value`, `description`, `is_encrypted`, `updated_by`, `updated_at`) VALUES
(1, 'max_transaction_amount', '5000.00', 'Maximum transaction amount allowed', 0, NULL, '2025-06-10 10:22:55'),
(2, 'default_daily_limit', '1000.00', 'Default daily spending limit for new users', 0, NULL, '2025-06-10 10:22:55'),
(3, 'default_monthly_limit', '10000.00', 'Default monthly spending limit for new users', 0, NULL, '2025-06-10 10:22:55'),
(4, 'face_confidence_threshold', '0.75', 'Minimum confidence score for facial recognition', 0, NULL, '2025-06-10 10:22:55'),
(5, 'liveness_threshold', '0.7', 'Minimum liveness score for facial recognition', 0, NULL, '2025-06-10 10:22:55'),
(6, 'session_timeout', '1800', 'Session timeout in seconds (30 minutes)', 0, NULL, '2025-06-10 10:22:55'),
(7, 'sensitive_session_timeout', '600', 'Sensitive session timeout in seconds (10 minutes)', 0, NULL, '2025-06-10 10:22:55'),
(8, 'max_login_attempts', '5', 'Maximum failed login attempts before lockout', 0, NULL, '2025-06-10 10:22:55'),
(9, 'lockout_duration', '900', 'Account lockout duration in seconds (15 minutes)', 0, NULL, '2025-06-10 10:22:55'),
(10, 'welcome_bonus', '50.00', 'Welcome bonus amount for new verified users', 0, NULL, '2025-06-10 10:22:55');

-- --------------------------------------------------------

--
-- Table structure for table `transactions`
--

CREATE TABLE `transactions` (
  `id` int(11) NOT NULL,
  `user_id` int(11) NOT NULL,
  `transaction_id` varchar(100) DEFAULT NULL,
  `amount` decimal(10,2) NOT NULL,
  `status` enum('success','failed') DEFAULT 'success',
  `payment_method` varchar(50) DEFAULT 'facial',
  `timestamp` timestamp NOT NULL DEFAULT current_timestamp(),
  `order_id` varchar(20) DEFAULT NULL,
  `merchant_id` varchar(50) DEFAULT NULL,
  `merchant_name` varchar(100) DEFAULT NULL,
  `kiosk_id` varchar(50) DEFAULT NULL,
  `transaction_type` enum('payment','topup','transfer_send','transfer_receive','refund','Welcome Bonus') DEFAULT 'payment',
  `amount_encrypted` text DEFAULT NULL,
  `currency` varchar(3) DEFAULT 'MYR',
  `recipient_id` int(11) DEFAULT NULL,
  `merchant_info` longtext CHARACTER SET utf8mb4 COLLATE utf8mb4_bin DEFAULT NULL CHECK (json_valid(`merchant_info`)),
  `failure_reason` text DEFAULT NULL,
  `metadata` longtext CHARACTER SET utf8mb4 COLLATE utf8mb4_bin DEFAULT NULL CHECK (json_valid(`metadata`)),
  `ip_address` varchar(45) DEFAULT NULL,
  `user_agent` text DEFAULT NULL,
  `updated_at` timestamp NOT NULL DEFAULT current_timestamp() ON UPDATE current_timestamp()
) ENGINE=InnoDB DEFAULT CHARSET=utf8mb4 COLLATE=utf8mb4_general_ci;

--
-- Dumping data for table `transactions`
--

INSERT INTO `transactions` (`id`, `user_id`, `transaction_id`, `amount`, `status`, `payment_method`, `timestamp`, `order_id`, `merchant_id`, `merchant_name`, `kiosk_id`, `transaction_type`, `amount_encrypted`, `currency`, `recipient_id`, `merchant_info`, `failure_reason`, `metadata`, `ip_address`, `user_agent`, `updated_at`) VALUES
(42, 55, 'BONUS_68616CABB1DDA', 50.00, 'success', 'System', '2025-06-29 16:41:15', NULL, NULL, NULL, NULL, 'Welcome Bonus', NULL, 'MYR', NULL, NULL, NULL, NULL, NULL, NULL, '2025-06-29 16:41:15'),
(43, 56, 'BONUS_68617494B9DB1', 50.00, 'success', 'System', '2025-06-29 17:15:00', NULL, NULL, NULL, NULL, 'Welcome Bonus', NULL, 'MYR', NULL, NULL, NULL, NULL, NULL, NULL, '2025-06-29 17:15:00'),
(44, 57, 'BONUS_686174AC548AA', 50.00, 'success', 'System', '2025-06-29 17:15:24', NULL, NULL, NULL, NULL, 'Welcome Bonus', NULL, 'MYR', NULL, NULL, NULL, NULL, NULL, NULL, '2025-06-29 17:15:24'),
(45, 58, 'BONUS_686175D862C5E', 50.00, 'success', 'System', '2025-06-29 17:20:24', NULL, NULL, NULL, NULL, 'Welcome Bonus', NULL, 'MYR', NULL, NULL, NULL, NULL, NULL, NULL, '2025-06-29 17:20:24'),
(46, 59, 'BONUS_686176530172D', 50.00, 'success', 'System', '2025-06-29 17:22:27', NULL, NULL, NULL, NULL, 'Welcome Bonus', NULL, 'MYR', NULL, NULL, NULL, NULL, NULL, NULL, '2025-06-29 17:22:27'),
(47, 60, 'BONUS_686176636773F', 50.00, 'success', 'System', '2025-06-29 17:22:43', NULL, NULL, NULL, NULL, 'Welcome Bonus', NULL, 'MYR', NULL, NULL, NULL, NULL, NULL, NULL, '2025-06-29 17:22:43'),
(59, 64, 'BONUS_686A2F07C8DE1', 50.00, 'success', 'System', '2025-07-06 08:08:39', NULL, NULL, NULL, NULL, 'Welcome Bonus', NULL, 'MYR', NULL, NULL, NULL, NULL, NULL, NULL, '2025-07-06 08:08:39'),
(60, 64, 'TP202507074F9EEBEF', 10.00, 'success', 'card', '2025-07-07 03:07:38', NULL, NULL, NULL, NULL, 'topup', NULL, 'MYR', NULL, NULL, NULL, NULL, NULL, NULL, '2025-07-07 03:07:38'),
(61, 64, 'TXN_1751862493_cb58e162', -4.77, 'success', 'facial', '2025-07-07 04:28:13', 'KIOSK-DEMO-175186233', 'MCD', 'McDonald\'s Malaysia', NULL, 'payment', NULL, 'MYR', NULL, NULL, NULL, NULL, NULL, NULL, '2025-07-07 04:28:13'),
(62, 64, 'TXN_1751995118_de5112d9', -4.13, 'success', 'facial', '2025-07-08 17:18:38', 'KIOSK-DEMO-175199492', 'MCD', 'McDonald\'s Malaysia', NULL, 'payment', NULL, 'MYR', NULL, NULL, NULL, NULL, NULL, NULL, '2025-07-08 17:18:38'),
(63, 64, 'TXN_1751998250_faccd6f6', -4.13, 'success', 'facial', '2025-07-08 18:10:50', 'KIOSK-DEMO-175199749', 'MCD', 'McDonald\'s Malaysia', NULL, 'payment', NULL, 'MYR', NULL, NULL, NULL, NULL, NULL, NULL, '2025-07-08 18:10:50'),
(64, 64, 'TXN_1752317086_d9195179', -3.71, 'success', 'facial', '2025-07-12 10:44:46', 'KIOSK-DEMO-175231601', 'MCD', 'McDonald\'s Malaysia', NULL, 'payment', NULL, 'MYR', NULL, NULL, NULL, NULL, NULL, NULL, '2025-07-12 10:44:46'),
(65, 64, 'TXN_1752317275_e043e80e', -3.71, 'success', 'facial', '2025-07-12 10:47:55', 'KIOSK-DEMO-175231709', 'MCD', 'McDonald\'s Malaysia', NULL, 'payment', NULL, 'MYR', NULL, NULL, NULL, NULL, NULL, NULL, '2025-07-12 10:47:55'),
(66, 64, 'TXN_1752738368_4ee0c3c7', -4.13, 'success', 'facial', '2025-07-17 07:46:08', 'KIOSK-DEMO-175273832', 'MCD', 'McDonald\'s Malaysia', NULL, 'payment', NULL, 'MYR', NULL, NULL, NULL, NULL, NULL, NULL, '2025-07-17 07:46:08'),
(67, 64, 'TXN_1753359797_3467c154', -3.71, 'success', 'facial', '2025-07-24 12:23:17', 'KIOSK-DEMO-175335972', 'MCD', 'McDonald\'s Malaysia', NULL, 'payment', NULL, 'MYR', NULL, NULL, NULL, NULL, NULL, NULL, '2025-07-24 12:23:17');

-- --------------------------------------------------------

--
-- Table structure for table `transaction_history`
--

CREATE TABLE `transaction_history` (
  `id` int(11) NOT NULL,
  `transaction_id` varchar(50) NOT NULL,
  `order_id` varchar(20) DEFAULT NULL,
  `user_id` int(11) NOT NULL,
  `merchant_id` varchar(50) DEFAULT NULL,
  `type` enum('payment','refund','topup','withdrawal') NOT NULL,
  `amount` decimal(10,2) NOT NULL,
  `status` enum('success','failed','pending','reversed') NOT NULL,
  `details` text DEFAULT NULL,
  `payment_method` varchar(50) DEFAULT NULL,
  `created_at` timestamp NOT NULL DEFAULT current_timestamp()
) ENGINE=InnoDB DEFAULT CHARSET=utf8mb4 COLLATE=utf8mb4_general_ci;

-- --------------------------------------------------------

--
-- Table structure for table `users`
--

CREATE TABLE `users` (
  `id` int(11) NOT NULL,
  `user_id` varchar(50) DEFAULT NULL,
  `username` varchar(255) NOT NULL,
  `full_name` varchar(100) NOT NULL,
  `email` varchar(100) NOT NULL,
  `password` varchar(255) NOT NULL,
  `created_at` timestamp NOT NULL DEFAULT current_timestamp(),
  `pin_code` text NOT NULL,
  `verification_token` varchar(100) DEFAULT NULL,
  `is_verified` tinyint(1) DEFAULT 0,
  `account_status` enum('active','suspended','pending','closed') DEFAULT 'pending',
  `failed_login_attempts` int(11) DEFAULT 0,
  `last_failed_login` datetime DEFAULT NULL,
  `locked_until` datetime DEFAULT NULL,
  `last_login` datetime DEFAULT NULL,
  `updated_at` timestamp NOT NULL DEFAULT current_timestamp() ON UPDATE current_timestamp(),
  `failed_payment_attempts` int(11) DEFAULT 0,
  `last_failed_payment` timestamp NULL DEFAULT NULL
) ENGINE=InnoDB DEFAULT CHARSET=utf8mb4 COLLATE=utf8mb4_general_ci;

--
-- Dumping data for table `users`
--

INSERT INTO `users` (`id`, `user_id`, `username`, `full_name`, `email`, `password`, `created_at`, `pin_code`, `verification_token`, `is_verified`, `account_status`, `failed_login_attempts`, `last_failed_login`, `locked_until`, `last_login`, `updated_at`, `failed_payment_attempts`, `last_failed_payment`) VALUES
(55, 'USER_68616cab9cbd82.75115394', 'Deepak', 'Deepak', 'pavan.messi33@gmail.com', '$2y$10$UzQRyF4mod1ZgOWggg8opOPmkzWALK.GtBFwtHpxewm.kPso51U8G', '2025-06-29 16:41:15', '$2y$10$nmT7jrMqoy/Pzqfy55c1zucZYrP6bpwdAYE1PsBPHJ8HlZqH12Eo2', 'c8e4fa75f999396d398e2c95ad40a757f3dc2a67b93f964686eb5ce7c15aedf5', 1, 'active', 0, NULL, NULL, '2025-07-05 10:25:00', '2025-07-05 02:25:00', 0, NULL),
(56, 'USER_68617494a33632.40468956', 'Aaron1', 'Aaron1', 'aaron1@example.com', '$2y$10$3hTBXRFLPr5btFZgFlbBjOLO9O/dIqUzPOi6hQOL7WjAQzQQ/Gc96', '2025-06-29 17:15:00', '$2y$10$jmKqMbioNfPf0vQ/U805s.XE0eA1CXOhErUZRLvqk0bojPGqQOYSC', '3c94912d7bd59a81b83aae1eb8077b6fa5d3f447ca48e2ec9f1b5dc8773544cf', 1, 'pending', 0, NULL, NULL, NULL, '2025-06-29 17:22:55', 0, NULL),
(57, 'USER_686174ac3f49b6.15280164', 'Aaron2', 'Aaron2', 'aaron2@example.com', '$2y$10$cMjsGhBb4uGvHib8OLI7jewPfv78BRu074e6oo24hY5WxdVhSfhy.', '2025-06-29 17:15:24', '$2y$10$XpI0WQfk0Km8dgDlcwQq9ebrYBGRcyf0smTctkB0WggQmjSwNg5wW', '23b97b5b8151741a34e2ef015baace5b241c72b0b6a7dcdd8caacfaa5975f436', 1, 'pending', 0, NULL, NULL, NULL, '2025-06-29 17:22:57', 0, NULL),
(58, 'USER_686175d84d5e31.77005444', 'aaron3', 'aaron3', 'aaron3@example.com', '$2y$10$gfnCzdyTyEsytF4AaMkajeQ7xKsKGV49Au0QIykXojDqEur3nzIEC', '2025-06-29 17:20:24', '$2y$10$z2yf9U3uR5WlLPXYucLP0.Uq0b8t1pP.F9OP4Sn66Ju.vdU/Yjaw.', '2182a92b8c0633260cdb6be8344be14466424171f993a5e8c14aa6df874cecbd', 1, 'pending', 0, NULL, NULL, NULL, '2025-06-29 17:22:59', 0, NULL),
(59, 'USER_68617652de7d07.81328708', 'aaron4', 'aaron4', 'aaron4@example.com', '$2y$10$Cqq7mgbELO9GQFf3pgUcAuwvIgnBAH/gioiQwM1B/BlJmZaMwjg4S', '2025-06-29 17:22:27', '$2y$10$0VHkxY36ikAw.F60NrGPEeilrEhytJe58ZUAUkYhEtCpy5UkC6BRe', 'ad219e2b7fb4dd525c6f55cbece3347c2d243233a7d5a693524d11a989888a4d', 1, 'pending', 0, NULL, NULL, NULL, '2025-06-29 17:23:00', 0, NULL),
(60, 'USER_68617663527471.07016789', 'aaron5', 'aaron5', 'aaron5@example.com', '$2y$10$U4cadDcRezpViCE4JcG37utyEFEcBIb/JI.W6Z.yzruQy.e7cdT3m', '2025-06-29 17:22:43', '$2y$10$FxmQFRi/x1BDebpTTRVWs.hW.XHaJgP.KriM35hH4gtRdEC3kXg4e', '1641bb0f1b92aaab9d6835be85b06e479fc6befea2d2a1634658efa1774a1892', 1, 'active', 0, NULL, NULL, NULL, '2025-07-04 04:49:40', 0, NULL),
(64, 'USER_686a2f07b45002.32463636', 'Pavan', 'Pavan', 'pavan.messi32@gmail.com', '$2y$10$Fn3nURL3XUWg2BrttKDV0uRAFWDdkkqSkjUiLVIYwnUIMDV7cPEWq', '2025-07-06 08:08:39', '$2y$10$3xSDN5IkuUMfpplvueee6uzyoMDgT3GZhXAVB6LDwmwu6Ho4ETe7K', NULL, 1, 'active', 0, NULL, NULL, '2025-07-24 20:25:13', '2025-07-24 12:25:13', 0, NULL);

-- --------------------------------------------------------

--
-- Table structure for table `wallets`
--

CREATE TABLE `wallets` (
  `id` int(11) NOT NULL,
  `user_id` int(11) NOT NULL,
  `balance_encrypted` text DEFAULT NULL,
  `daily_limit_encrypted` text DEFAULT '',
  `monthly_limit_encrypted` text DEFAULT '',
  `daily_spent_encrypted` text DEFAULT NULL,
  `monthly_spent_encrypted` text DEFAULT NULL,
  `last_daily_reset` date DEFAULT NULL,
  `last_monthly_reset` date DEFAULT NULL,
  `updated_at` timestamp NOT NULL DEFAULT current_timestamp() ON UPDATE current_timestamp(),
  `balance` decimal(10,2) DEFAULT 0.00,
  `created_at` timestamp NOT NULL DEFAULT current_timestamp()
) ENGINE=InnoDB DEFAULT CHARSET=utf8mb4 COLLATE=utf8mb4_general_ci;

--
-- Dumping data for table `wallets`
--

INSERT INTO `wallets` (`id`, `user_id`, `balance_encrypted`, `daily_limit_encrypted`, `monthly_limit_encrypted`, `daily_spent_encrypted`, `monthly_spent_encrypted`, `last_daily_reset`, `last_monthly_reset`, `updated_at`, `balance`, `created_at`) VALUES
(26, 55, NULL, '', '', NULL, NULL, NULL, NULL, '2025-06-29 16:41:15', 50.00, '2025-06-29 16:41:15'),
(27, 56, NULL, '', '', NULL, NULL, NULL, NULL, '2025-06-29 17:15:00', 50.00, '2025-06-29 17:15:00'),
(28, 57, NULL, '', '', NULL, NULL, NULL, NULL, '2025-06-29 17:15:24', 50.00, '2025-06-29 17:15:24'),
(29, 58, NULL, '', '', NULL, NULL, NULL, NULL, '2025-06-29 17:20:24', 50.00, '2025-06-29 17:20:24'),
(30, 59, NULL, '', '', NULL, NULL, NULL, NULL, '2025-06-29 17:22:27', 50.00, '2025-06-29 17:22:27'),
(31, 60, NULL, '', '', NULL, NULL, NULL, NULL, '2025-06-29 17:22:43', 50.00, '2025-06-29 17:22:43'),
(35, 64, 'k++aRAP0gO+qR1cqLzcGig==', '', '', NULL, NULL, NULL, NULL, '2025-07-24 12:23:17', 31.71, '2025-07-06 08:08:39');

--
-- Indexes for dumped tables
--

--
-- Indexes for table `admin_audit_log`
--
ALTER TABLE `admin_audit_log`
  ADD PRIMARY KEY (`id`),
  ADD KEY `idx_admin_action` (`admin_id`,`action`),
  ADD KEY `idx_target` (`target_type`,`target_id`),
  ADD KEY `idx_created_at` (`created_at`);

--
-- Indexes for table `admin_sessions`
--
ALTER TABLE `admin_sessions`
  ADD PRIMARY KEY (`id`),
  ADD KEY `admin_id` (`admin_id`),
  ADD KEY `idx_session_token` (`session_token`),
  ADD KEY `idx_expires_at` (`expires_at`);

--
-- Indexes for table `admin_users`
--
ALTER TABLE `admin_users`
  ADD PRIMARY KEY (`id`),
  ADD UNIQUE KEY `username` (`username`),
  ADD UNIQUE KEY `email` (`email`),
  ADD KEY `created_by` (`created_by`);

--
-- Indexes for table `face_embeddings`
--
ALTER TABLE `face_embeddings`
  ADD PRIMARY KEY (`id`),
  ADD KEY `idx_user_id` (`user_id`);

--
-- Indexes for table `merchants`
--
ALTER TABLE `merchants`
  ADD PRIMARY KEY (`id`),
  ADD UNIQUE KEY `merchant_id` (`merchant_id`);

--
-- Indexes for table `rate_limits`
--
ALTER TABLE `rate_limits`
  ADD PRIMARY KEY (`id`),
  ADD KEY `idx_identifier` (`identifier`),
  ADD KEY `idx_attempt_time` (`attempt_time`);

--
-- Indexes for table `remember_tokens`
--
ALTER TABLE `remember_tokens`
  ADD PRIMARY KEY (`id`),
  ADD UNIQUE KEY `unique_user_token` (`user_id`,`token`),
  ADD KEY `idx_token` (`token`),
  ADD KEY `idx_expires_at` (`expires_at`);

--
-- Indexes for table `security_audit_log`
--
ALTER TABLE `security_audit_log`
  ADD PRIMARY KEY (`id`),
  ADD KEY `idx_user_id` (`user_id`),
  ADD KEY `idx_action` (`action`),
  ADD KEY `idx_result` (`result`),
  ADD KEY `idx_timestamp` (`timestamp`),
  ADD KEY `idx_user_time` (`user_id`,`timestamp`);

--
-- Indexes for table `security_log`
--
ALTER TABLE `security_log`
  ADD PRIMARY KEY (`id`),
  ADD KEY `idx_user_id` (`user_id`),
  ADD KEY `idx_action` (`action`),
  ADD KEY `idx_result` (`result`),
  ADD KEY `idx_timestamp` (`timestamp`),
  ADD KEY `idx_user_time` (`user_id`,`timestamp`);

--
-- Indexes for table `system_settings`
--
ALTER TABLE `system_settings`
  ADD PRIMARY KEY (`id`),
  ADD UNIQUE KEY `setting_key` (`setting_key`),
  ADD KEY `idx_setting_key` (`setting_key`);

--
-- Indexes for table `transactions`
--
ALTER TABLE `transactions`
  ADD PRIMARY KEY (`id`),
  ADD UNIQUE KEY `transaction_id` (`transaction_id`),
  ADD KEY `user_id` (`user_id`),
  ADD KEY `idx_transaction_id` (`transaction_id`),
  ADD KEY `idx_transaction_type` (`transaction_type`),
  ADD KEY `idx_recipient_id` (`recipient_id`),
  ADD KEY `idx_payment_method` (`payment_method`),
  ADD KEY `idx_kiosk_id` (`kiosk_id`);

--
-- Indexes for table `transaction_history`
--
ALTER TABLE `transaction_history`
  ADD PRIMARY KEY (`id`),
  ADD UNIQUE KEY `transaction_id` (`transaction_id`),
  ADD KEY `user_id` (`user_id`),
  ADD KEY `merchant_id` (`merchant_id`),
  ADD KEY `order_id` (`order_id`);

--
-- Indexes for table `users`
--
ALTER TABLE `users`
  ADD PRIMARY KEY (`id`),
  ADD UNIQUE KEY `username` (`username`),
  ADD UNIQUE KEY `user_id` (`user_id`),
  ADD KEY `idx_user_id` (`user_id`),
  ADD KEY `idx_username` (`username`),
  ADD KEY `idx_email` (`email`),
  ADD KEY `idx_verification_token` (`verification_token`),
  ADD KEY `idx_account_status` (`account_status`);

--
-- Indexes for table `wallets`
--
ALTER TABLE `wallets`
  ADD PRIMARY KEY (`id`),
  ADD KEY `idx_user_id` (`user_id`),
  ADD KEY `idx_wallet_user_id` (`user_id`);

--
-- AUTO_INCREMENT for dumped tables
--

--
-- AUTO_INCREMENT for table `admin_audit_log`
--
ALTER TABLE `admin_audit_log`
  MODIFY `id` int(11) NOT NULL AUTO_INCREMENT;

--
-- AUTO_INCREMENT for table `admin_sessions`
--
ALTER TABLE `admin_sessions`
  MODIFY `id` int(11) NOT NULL AUTO_INCREMENT, AUTO_INCREMENT=119;

--
-- AUTO_INCREMENT for table `admin_users`
--
ALTER TABLE `admin_users`
  MODIFY `id` int(11) NOT NULL AUTO_INCREMENT, AUTO_INCREMENT=2;

--
-- AUTO_INCREMENT for table `face_embeddings`
--
ALTER TABLE `face_embeddings`
  MODIFY `id` int(11) NOT NULL AUTO_INCREMENT, AUTO_INCREMENT=31;

--
-- AUTO_INCREMENT for table `merchants`
--
ALTER TABLE `merchants`
  MODIFY `id` int(11) NOT NULL AUTO_INCREMENT, AUTO_INCREMENT=4;

--
-- AUTO_INCREMENT for table `rate_limits`
--
ALTER TABLE `rate_limits`
  MODIFY `id` int(11) NOT NULL AUTO_INCREMENT;

--
-- AUTO_INCREMENT for table `remember_tokens`
--
ALTER TABLE `remember_tokens`
  MODIFY `id` int(11) NOT NULL AUTO_INCREMENT, AUTO_INCREMENT=2;

--
-- AUTO_INCREMENT for table `security_audit_log`
--
ALTER TABLE `security_audit_log`
  MODIFY `id` int(11) NOT NULL AUTO_INCREMENT, AUTO_INCREMENT=58;

--
-- AUTO_INCREMENT for table `security_log`
--
ALTER TABLE `security_log`
  MODIFY `id` int(11) NOT NULL AUTO_INCREMENT, AUTO_INCREMENT=8;

--
-- AUTO_INCREMENT for table `system_settings`
--
ALTER TABLE `system_settings`
  MODIFY `id` int(11) NOT NULL AUTO_INCREMENT, AUTO_INCREMENT=12;

--
-- AUTO_INCREMENT for table `transactions`
--
ALTER TABLE `transactions`
  MODIFY `id` int(11) NOT NULL AUTO_INCREMENT, AUTO_INCREMENT=68;

--
-- AUTO_INCREMENT for table `transaction_history`
--
ALTER TABLE `transaction_history`
  MODIFY `id` int(11) NOT NULL AUTO_INCREMENT;

--
-- AUTO_INCREMENT for table `users`
--
ALTER TABLE `users`
  MODIFY `id` int(11) NOT NULL AUTO_INCREMENT, AUTO_INCREMENT=65;

--
-- AUTO_INCREMENT for table `wallets`
--
ALTER TABLE `wallets`
  MODIFY `id` int(11) NOT NULL AUTO_INCREMENT, AUTO_INCREMENT=36;

--
-- Constraints for dumped tables
--

--
-- Constraints for table `admin_audit_log`
--
ALTER TABLE `admin_audit_log`
  ADD CONSTRAINT `admin_audit_log_ibfk_1` FOREIGN KEY (`admin_id`) REFERENCES `admin_users` (`id`);

--
-- Constraints for table `admin_sessions`
--
ALTER TABLE `admin_sessions`
  ADD CONSTRAINT `admin_sessions_ibfk_1` FOREIGN KEY (`admin_id`) REFERENCES `admin_users` (`id`) ON DELETE CASCADE;

--
-- Constraints for table `admin_users`
--
ALTER TABLE `admin_users`
  ADD CONSTRAINT `admin_users_ibfk_1` FOREIGN KEY (`created_by`) REFERENCES `admin_users` (`id`);

--
-- Constraints for table `remember_tokens`
--
ALTER TABLE `remember_tokens`
  ADD CONSTRAINT `remember_tokens_ibfk_1` FOREIGN KEY (`user_id`) REFERENCES `users` (`id`) ON DELETE CASCADE;

--
-- Constraints for table `transactions`
--
ALTER TABLE `transactions`
  ADD CONSTRAINT `fk_transactions_recipient` FOREIGN KEY (`recipient_id`) REFERENCES `users` (`id`) ON DELETE SET NULL,
  ADD CONSTRAINT `transactions_ibfk_1` FOREIGN KEY (`user_id`) REFERENCES `users` (`id`) ON DELETE CASCADE;

--
-- Constraints for table `wallets`
--
ALTER TABLE `wallets`
  ADD CONSTRAINT `wallets_ibfk_1` FOREIGN KEY (`user_id`) REFERENCES `users` (`id`) ON DELETE CASCADE;

DELIMITER $$
--
-- Events
--
CREATE DEFINER=`root`@`localhost` EVENT `reset_daily_spending` ON SCHEDULE EVERY 1 DAY STARTS '2024-01-01 00:00:01' ON COMPLETION NOT PRESERVE ENABLE DO UPDATE wallets 
SET 
    daily_spent_encrypted = AES_ENCRYPT('0.00', UNHEX('5d8755cef84e1c81991688ff4e88d00a')),
    last_daily_reset = CURDATE(),
    updated_at = CURRENT_TIMESTAMP
WHERE last_daily_reset < CURDATE() OR last_daily_reset IS NULL$$

CREATE DEFINER=`root`@`localhost` EVENT `reset_monthly_spending` ON SCHEDULE EVERY 1 MONTH STARTS '2024-01-01 00:00:01' ON COMPLETION NOT PRESERVE ENABLE DO UPDATE wallets 
SET 
    monthly_spent_encrypted = AES_ENCRYPT('0.00', UNHEX('5d8755cef84e1c81991688ff4e88d00a')),
    last_monthly_reset = CURDATE(),
    updated_at = CURRENT_TIMESTAMP
WHERE MONTH(last_monthly_reset) != MONTH(CURDATE()) OR last_monthly_reset IS NULL$$

CREATE DEFINER=`root`@`localhost` EVENT `cleanup_rate_limits` ON SCHEDULE EVERY 1 HOUR STARTS '2025-06-10 18:22:55' ON COMPLETION NOT PRESERVE ENABLE DO DELETE FROM rate_limits WHERE attempt_time < UNIX_TIMESTAMP() - 3600$$

CREATE DEFINER=`root`@`localhost` EVENT `cleanup_cart_sessions` ON SCHEDULE EVERY 1 DAY STARTS '2025-06-10 18:22:55' ON COMPLETION NOT PRESERVE ENABLE DO DELETE FROM cart_sessions WHERE expires_at < NOW() AND status IN ('active', 'abandoned')$$

CREATE DEFINER=`root`@`localhost` EVENT `cleanup_remember_tokens` ON SCHEDULE EVERY 1 DAY STARTS '2025-06-10 18:22:55' ON COMPLETION NOT PRESERVE ENABLE DO DELETE FROM remember_tokens WHERE expires_at < NOW()$$

DELIMITER ;
COMMIT;

/*!40101 SET CHARACTER_SET_CLIENT=@OLD_CHARACTER_SET_CLIENT */;
/*!40101 SET CHARACTER_SET_RESULTS=@OLD_CHARACTER_SET_RESULTS */;
/*!40101 SET COLLATION_CONNECTION=@OLD_COLLATION_CONNECTION */;
